"Year","Neighborhood Tabulation Area NTA)","Neighborhood Tabulation Area (NTA) Name","Supply Gap (lbs.)","Food Insecure Percentage","Unemployment Rate","Vulnerable Population Score","Weighted Score","Rank"
"2025","BX0401","Concourse-Concourse Village","-102,142.62426294","26.29%","1053.82%","0.57","5.13309591628","161"
"2025","BX0303","Crotona Park East","-333,492.64867191","27.24%","1308.90%","0.55","5.62879423578","141"
"2025","MN1102","East Harlem (North)","527,499.52610583","26.68%","1055.74%","0.47","5.90883983576","121"
"2025","BX0602","Tremont","-113,652.81465869","28.96%","1214.11%","0.53","5.71196328534","134"
"2025","BK1204","Mapleton-Midwood (West)","451,455.520860002","16.87%","564.74%","0.61","5.7316081227","132"
"2025","BK0503","East New York-New Lots","-506,273.12917545","20.46%","1166.11%","0.51","5.11041174894","162"
"2025","BX0101","Mott Haven-Port Morris","611,663.47133657","32.65%","1442.92%","0.53","6.32951890259","74"
"2025","BX1202","Eastchester-Edenwald-Baychester","-113,911.46111921","16.96%","983.48%","0.55","5.54066298083","146"
"2025","SI0302","Great Kills-Eltingville","1,091,230.79111141","10.42%","533.10%","0.45","6.5179510219","62"
"2025","MN0801","Upper East Side-Lenox Hill-Roosevelt Island","1,488,620.7768","13.22%","409.58%","0.53","6.73965047747","49"
"2025","BX1201","Williamsbridge-Olinville","401,560.88541765","20.26%","960.85%","0.56","6.02041669769","106"
"2025","MN0604","East Midtown-Turtle Bay","1,000,801.33361314","12.74%","592.32%","0.51","6.52060697162","61"
"2025","BK1602","Brownsville","478,463.71579005","27.97%","1395.84%","0.52","6.25906008173","81"
"2025","MN0502","Midtown-Times Square","144,714.999478159","15.79%","516.70%","0.48","5.46252733014","149"
"2025","BK0703","Sunset Park (Central)","1,305,476.96006984","21.66%","756.17%","0.76","7.18786325265","27"
"2025","BX0603","Belmont","369,930.98008093","30.58%","1361.64%","0.57","6.40388300841","68"
"2025","BX0802","Kingsbridge-Marble Hill","1,149,186.17394613","24.96%","805.29%","0.55","7.10316863077","33"
"2025","BX1003","Pelham Bay-Country Club-City Island","1,022,815.339499","17.73%","820.67%","0.54","6.8081756539","45"
"2025","MN0901","Morningside Heights","183,281.64306546","20.97%","937.58%","0.47","5.9304253106","116"
"2025","BK0802","Crown Heights (North)","-23,547.3246267601","18.85%","864.64%","0.42","5.07894805152","163"
"2025","BX0302","Claremont Village-Claremont (East)","32,152.70121665","33.36%","1423.32%","0.50","6.22782931459","84"
"2025","SI0303","Arden Heights-Rossville","600,174.677844235","8.97%","476.47%","0.46","6.04297510641","100"
"2025","BK0601","Carroll Gardens-Cobble Hill-Gowanus-Red Hook","488,191.29092672","15.41%","705.82%","0.44","5.7297058345","133"
"2025","BK1303","Brighton Beach","960,517.03151223","22.27%","509.72%","0.72","6.56392284567","58"
"2025","BX1004","Co-op City","779,628.418676589","13.86%","647.90%","0.52","6.303762079","77"
"2025","QN0602","Forest Hills","1,029,708.81093998","13.17%","432.55%","0.55","6.08351365384","96"
"2025","BK0702","Sunset Park (West)","808,625.08857096","18.01%","547.45%","0.57","6.28290676388","80"
"2025","MN0802","Upper East Side-Carnegie Hill","-267,239.2548257","9.99%","454.49%","0.57","4.77142011998","173"
"2025","QN0703","Bay Terrace-Clearview","617,762.51874879","12.42%","531.71%","0.57","6.11844453105","92"
"2025","MN0303","East Village","1,537,743.68842889","20.68%","555.20%","0.36","6.8545335246","41"
"2025","SI0203","Todt Hill-Emerson Hill-Lighthouse Hill-Manor Heights","451,452.129284963","12.58%","518.93%","0.56","5.80431979609","128"
"2025","BK1502","Madison","910,007.411086672","16.34%","538.03%","0.59","6.29220932244","79"
"2025","BX0102","Melrose","-1,183,933.94646053","30.77%","1521.43%","0.51","4.47628077367","178"
"2025","BK0204","Clinton Hill","35,166.374775185","13.50%","749.54%","0.38","5.77126226664","129"
"2025","BK1102","Bath Beach","942,381.436912158","16.30%","458.85%","0.61","6.33998068255","72"
"2025","BK0301","Bedford-Stuyvesant (West)","871,913.37333999","20.74%","771.07%","0.43","5.97941221554","111"
"2025","BX0801","Kingsbridge Heights-Van Cortlandt Village","1,444,845.00693503","22.53%","1039.67%","0.59","7.63937179217","14"
"2025","MN0602","Gramercy","507,842.027125365","12.41%","303.30%","0.35","5.9568313992","112"
"2025","BK0102","Williamsburg","1,011,421.07761282","16.48%","694.02%","0.38","6.32693035939","75"
"2025","BK0402","Bushwick (East)","-40,369.7071064101","20.19%","788.13%","0.43","5.23432371661","157"
"2025","BX0702","Bedford Park","685,490.71897698","25.64%","1355.23%","0.61","6.72406102426","50"
"2025","QN1104","Oakland Gardens-Hollis Hills","573,885.310129969","10.57%","455.58%","0.56","5.99553465326","109"
"2025","QN1401","Far Rockaway-Bayswater","486,153.45877199","19.74%","993.35%","0.58","6.11615671693","93"
"2025","QN1403","Breezy Point-Belle Harbor-Rockaway Park-Broad Channel","728,457.249977604","13.64%","691.39%","0.51","6.61739123024","55"
"2025","BK0101","Greenpoint","1,153,881.91747087","15.74%","741.51%","0.36","6.81171414263","44"
"2025","QN1101","Auburndale","896,800.029996218","12.17%","569.18%","0.60","6.45403505636","64"
"2025","QN0601","Rego Park","787,641.811453798","15.73%","584.01%","0.60","6.2957188288","78"
"2025","QN1003","Howard Beach-Lindenwood","778,373.528126481","12.96%","831.63%","0.54","6.56652083606","57"
"2025","BX0903","Castle Hill-Unionport","347,937.7932147","21.53%","875.87%","0.55","6.05232799733","99"
"2025","QN0202","Sunnyside","-105,498.50887842","15.91%","644.19%","0.58","5.343861523","154"
"2025","QN0702","Whitestone-Beechhurst","808,755.543930184","13.26%","871.11%","0.55","6.66190737136","54"
"2025","MN0803","Upper East Side-Yorkville","1,066,124.73854754","13.12%","476.41%","0.46","6.20816130946","88"
"2025","QN1103","Douglaston-Little Neck","493,759.051208256","10.68%","497.37%","0.54","5.93571103192","115"
"2025","QN1301","Glen Oaks-Floral Park-New Hyde Park","552,168.537574376","11.70%","387.24%","0.62","5.89707362936","122"
"2025","BK0104","East Williamsburg","1,224,484.03196005","21.34%","739.65%","0.42","6.83298362622","43"
"2025","BK1704","East Flatbush-Remsen Village","-979,114.69227613","18.82%","1183.02%","0.54","4.73390906028","174"
"2025","MN0203","West Village","605,981.189659805","13.57%","741.45%","0.37","6.22559569875","85"
"2025","MN0601","Stuyvesant Town-Peter Cooper Village","490,267.23296912","14.67%","420.81%","0.47","6.04240323304","101"
"2025","QN0302","East Elmhurst","-23,285.418190612","14.51%","596.99%","0.61","5.55546272087","143"
"2025","QN0901","Kew Gardens","346,123.541401487","13.84%","616.57%","0.50","5.83075857264","126"
"2025","MN0202","Greenwich Village","519,331.168772581","11.64%","574.42%","0.38","6.21272153495","87"
"2025","SI0107","Mariner's Harbor-Arlington-Graniteville","785,018.737638609","14.80%","834.69%","0.48","6.74812670227","48"
"2025","BK1201","Sunset Park (East)-Borough Park (West)","1,197,562.98786803","22.14%","940.64%","0.73","7.32859709815","23"
"2025","SI0101","St. George-New Brighton","146,216.825929215","20.18%","846.60%","0.49","5.99819322539","108"
"2025","MN0101","Financial District-Battery Park City","497,711.076648413","11.08%","350.45%","0.34","5.62931347775","140"
"2025","QN1001","South Ozone Park","551,136.10054515","14.03%","969.60%","0.55","6.33243241887","73"
"2025","BX0402","Highbridge","839,986.799227597","25.85%","845.52%","0.52","6.60961794332","56"
"2025","MN0402","Hell's Kitchen","1,230,494.1809353","17.02%","537.01%","0.41","6.53051108458","60"
"2025","BK0505","East New York-City Line","-2,231,394.17576234","18.01%","633.56%","0.52","2.45259679455","191"
"2025","QN0103","Astoria (Central)","1,399,350.54925385","16.07%","647.96%","0.40","6.96580579427","38"
"2025","BK0201","Brooklyn Heights","322,651.410235809","10.05%","407.41%","0.44","5.63712513481","139"
"2025","BX0703","Norwood","330,347.81439255","24.68%","912.92%","0.59","6.00279582663","107"
"2025","MN0302","Lower East Side","740,167.495815","20.96%","647.31%","0.47","6.19497157586","90"
"2025","MN0702","Upper West Side (Central)","1,012,558.71411999","12.67%","390.22%","0.51","5.95647683778","113"
"2025","QN0104","Astoria (East)-Woodside (North)","1,005,084.90302748","17.00%","805.49%","0.50","6.70947426815","52"
"2025","BX1002","Throgs Neck-Schuylerville","1,379,134.20466646","16.59%","746.25%","0.47","6.98213524405","37"
"2025","QN0102","Old Astoria-Hallets Point","285,730.857931088","19.98%","757.32%","0.49","5.94774867203","114"
"2025","QN0704","Murray Hill-Broadway Flushing","1,582,986.12822155","15.71%","521.41%","0.67","7.11643627565","31"
"2025","SI0202","New Dorp-Midland Beach","739,392.566019714","12.13%","620.72%","0.54","6.32479629932","76"
"2025","BK0902","Prospect Lefferts Gardens-Wingate","-238,489.9939784","16.04%","689.97%","0.47","5.14947423964","160"
"2025","BK1002","Dyker Heights","1,173,132.89759046","17.61%","708.69%","0.61","6.79900641012","46"
"2025","BK1501","Gravesend (East)-Homecrest","1,577,147.81567521","18.32%","806.11%","0.59","7.27397856049","24"
"2025","BX0701","University Heights (North)-Fordham","538,924.72967146","27.95%","1607.34%","0.62","6.8491279006","42"
"2025","BX0904","Parkchester","1,083,638.59857437","21.21%","1080.84%","0.55","7.0713162223","34"
"2025","QN0804","Jamaica Estates-Holliswood","481,473.217384359","13.52%","778.43%","0.58","6.40404761045","67"
"2025","BK1103","Gravesend (West)","1,604,463.67110222","19.40%","907.52%","0.63","7.36904835747","20"
"2025","QN0803","Fresh Meadows-Utopia","515,718.061356106","12.04%","432.36%","0.57","5.90963328494","120"
"2025","QN1306","Springfield Gardens (South)-Brookville","-151,097.67421373","9.59%","705.27%","0.46","5.58444543981","142"
"2025","QN0805","Jamaica Hills-Briarwood","294,414.83129535","16.87%","980.54%","0.57","6.21729449573","86"
"2025","QN0903","South Richmond Hill","-107,421.202173893","14.34%","653.80%","0.60","5.54014285561","147"
"2025","SI0304","Annadale-Huguenot-Prince's Bay-Woodrow","620,825.608054139","8.74%","350.04%","0.47","5.87696908779","123"
"2025","BK0103","South Williamsburg","2,090,950.72621075","27.58%","967.98%","0.60","8.03364938223","5"
"2025","BX1001","Westchester Square","-89,959.744097822","21.31%","670.60%","0.57","5.33884183574","155"
"2025","BX1103","Pelham Gardens","349,977.074157966","13.68%","707.02%","0.53","6.12151529149","91"
"2025","MN0903","Hamilton Heights-Sugar Hill","1,282,814.27284754","21.91%","990.22%","0.49","7.18438251253","28"
"2025","QN1307","Rosedale","78,887.370869814","9.24%","716.03%","0.48","5.65402150705","137"
"2025","SI0305","Tottenville-Charleston","259,814.070271157","8.28%","158.11%","0.45","5.54171155493","145"
"2025","BK0801","Prospect Heights","159,697.329253079","11.62%","458.26%","0.41","5.69270335401","135"
"2025","BK0203","Fort Greene","321,893.943856061","17.64%","774.07%","0.40","6.03664581724","102"
"2025","BK0401","Bushwick (West)","790,970.28988936","19.60%","791.51%","0.39","6.4093061596","66"
"2025","BK1402","Flatbush (West)-Ditmas Park-Parkville","-704,873.87763811","16.52%","623.87%","0.57","4.3192348345","181"
"2025","BX0502","Mount Hope","922,439.79933915","27.90%","1444.53%","0.62","7.12218616838","30"
"2025","QN0707","Flushing-Willets Point","1,500,292.96137764","20.93%","775.10%","0.77","7.13226432034","29"
"2025","QN0802","Pomonok-Electchester-Hillcrest","414,221.843428991","16.00%","752.94%","0.52","5.9201536232","119"
"2025","BK1401","Flatbush","597,003.07697042","15.16%","531.62%","0.49","5.92647907238","117"
"2025","QN0501","Maspeth","1,065,960.91762597","14.80%","667.53%","0.56","6.66557289568","53"
"2025","QN1206","Hollis","-701,490.969869714","13.64%","914.77%","0.53","5.0551067521","165"
"2025","MN0603","Murray Hill-Kips Bay","1,043,268.45251766","12.13%","320.32%","0.40","6.23798572293","83"
"2025","BK0504","Spring Creek-Starrett City","170,505.968828928","24.42%","881.62%","0.55","6.07700627909","97"
"2025","BK1101","Bensonhurst","2,856,339.12280089","18.70%","724.67%","0.66","8.48450301029","3"
"2025","BK1701","East Flatbush-Erasmus","-258,687.52758611","15.51%","818.86%","0.48","5.29301003879","156"
"2025","MN0501","Midtown South-Flatiron-Union Square","354,582.409155647","14.70%","600.83%","0.35","5.75952211194","130"
"2025","QN0101","Astoria (North)-Ditmars-Steinway","1,638,480.01862568","15.95%","744.76%","0.42","7.3454974684","22"
"2025","QN0201","Long Island City-Hunters Point","-16,549.040149168","12.92%","469.89%","0.47","5.44447032158","151"
"2025","QN0801","Kew Gardens Hills","-175,960.45099861","13.90%","616.41%","0.53","5.06749655273","164"
"2025","BX1104","Allerton","1,583,720.86586766","23.54%","1068.36%","0.58","7.83632189283","12"
"2025","QN0402","Corona","2,024,764.96870776","19.83%","700.81%","0.75","7.90299060397","11"
"2025","QN0504","Middle Village","-261,754.513595689","12.30%","424.94%","0.55","4.80325939682","171"
"2025","QN1203","Baisley Park","-495,528.11682838","12.33%","905.33%","0.51","5.19353472917","159"
"2025","BX0201","Hunts Point","-405,519.218561253","27.03%","1183.40%","0.56","5.66840365896","136"
"2025","MN1202","Washington Heights (North)","1,478,920.68303928","20.15%","1196.63%","0.51","7.47395389484","18"
"2025","QN0705","East Flushing","442,076.275743512","17.44%","709.29%","0.71","5.98743248767","110"
"2025","SI0301","Oakwood-Richmondtown","529,757.683825265","12.84%","700.09%","0.51","6.20365428506","89"
"2025","QN0905","Woodhaven","-2,162.59609306999","14.20%","743.98%","0.56","5.64258011658","138"
"2025","SI0201","Grasmere-Arrochar-South Beach-Dongan Hills","782,796.386832488","13.42%","572.99%","0.48","6.23862767965","82"
"2025","BK1802","Marine Park-Mill Basin-Bergen Beach","-200,353.596394514","9.83%","386.15%","0.54","4.831323691","170"
"2025","BX1102","Morris Park","483,336.881360278","16.86%","731.13%","0.52","6.09602750365","95"
"2025","MN0102","Tribeca-Civic Center","341,239.983171704","9.67%","265.50%","0.40","5.81368748784","127"
"2025","QN1201","Jamaica","-2,931,908.86381","20.44%","1016.54%","0.63","2.10934996483","194"
"2025","MN0902","Manhattanville-West Harlem","829,256.969797046","26.32%","1299.85%","0.46","7.23102977905","25"
"2025","QN0503","Glendale","433,586.15995669","12.85%","508.05%","0.52","5.75529526452","131"
"2025","SI0204","New Springville-Willowbrook-Bulls Head-Travis","1,022,020.12315557","12.01%","456.02%","0.48","6.41326306292","65"
"2025","BK1202","Borough Park","2,177,846.46289592","22.77%","802.59%","0.64","7.350341925","21"
"2025","BX0803","Riverdale-Spuyten Duyvil","1,208,992.72111143","12.22%","553.17%","0.58","6.7181930024","51"
"2025","QN0203","Woodside","-363,136.00671281","13.52%","457.26%","0.71","4.726180592","175"
"2025","QN0401","Elmhurst","2,027,995.53292438","15.70%","540.26%","0.71","7.5117819559","16"
"2025","QN1002","Ozone Park","-6,307.32930436102","13.32%","595.16%","0.52","5.37700970925","152"
"2025","QN1102","Bayside","920,642.058503727","12.25%","512.52%","0.54","6.39872885381","69"
"2025","SI0103","Rosebank-Shore Acres-Park Hill","183,229.031435855","14.15%","537.35%","0.50","5.55022041654","144"
"2025","BK0501","Cypress Hills","-1,502,252.40556435","17.01%","675.33%","0.55","3.57070339261","184"
"2025","BK0502","East New York (North)","-2,063,224.47525637","20.75%","861.27%","0.53","2.90555823372","188"
"2025","BK0901","Crown Heights (South)","420,912.89050075","18.86%","918.07%","0.50","5.85873577913","125"
"2025","BK1403","Midwood","1,141,027.8973394","17.83%","554.08%","0.60","6.45979463106","63"
"2025","MN0301","Chinatown-Two Bridges","1,799,039.12939831","26.20%","1084.16%","0.60","7.9962386562","8"
"2025","BK1203","Kensington","179,414.48612416","15.30%","501.13%","0.51","5.35263331257","153"
"2025","BK1503","Sheepshead Bay-Manhattan Beach-Gerritsen Beach","1,804,791.86975866","15.53%","538.41%","0.58","7.47224281977","19"
"2025","MN1203","Inwood","-272,014.49954441","20.37%","826.18%","0.52","5.23350410541","158"
"2025","QN0301","Jackson Heights","2,551,351.0225222","17.64%","885.63%","0.65","8.37089634861","4"
"2025","QN1304","Cambria Heights","-795,601.595177419","6.72%","546.28%","0.54","4.4364655044","179"
"2025","BX0503","Fordham Heights","623,158.3915258","28.65%","1378.09%","0.66","6.88989591775","39"
"2025","MN0201","SoHo-Little Italy-Hudson Square","436,692.290999102","14.18%","370.48%","0.40","5.92605839953","118"
"2025","MN0701","Upper West Side-Lincoln Square","1,606,997.59775469","14.05%","613.09%","0.50","7.11106616983","32"
"2025","QN1302","Bellerose","680,690.180248387","12.66%","708.89%","0.57","6.34967568957","70"
"2025","SI0104","West New Brighton-Silver Lake-Grymes Hill","16,143.362143039","12.64%","507.67%","0.48","5.44630899646","150"
"2025","SI0106","Port Richmond","-720,808.945556749","17.95%","875.56%","0.52","4.94579796204","168"
"2025","BK0302","Bedford-Stuyvesant (East)","-2,502,670.87833059","19.31%","863.93%","0.42","1.8805616494","195"
"2025","BK0602","Park Slope","738,769.373497199","10.44%","483.66%","0.42","6.02846731289","104"
"2025","MN1001","Harlem (South)","-605,451.42757938","17.86%","805.31%","0.41","4.70584743652","176"
"2025","MN1101","East Harlem (South)","1,724,240.69463585","25.33%","981.20%","0.48","7.48968101927","17"
"2025","QN0701","College Point","919,370.186085302","14.83%","943.97%","0.66","6.86671945513","40"
"2025","QN0706","Queensboro Hill","517,136.566352814","14.79%","540.08%","0.75","6.02044782221","105"
"2025","QN1305","Laurelton","-1,208,880.82001737","5.81%","476.25%","0.48","3.81922687671","183"
"2025","BK0202","Downtown Brooklyn-DUMBO-Boerum Hill","-105,866.86783078","15.69%","563.38%","0.41","5.02644977771","166"
"2025","MN0703","Upper West Side-Manhattan Valley","1,413,774.98920573","17.95%","749.39%","0.50","7.20725444368","26"
"2025","QN1205","St. Albans","-2,169,555.78538276","7.84%","442.70%","0.50","2.64210409404","190"
"2025","SI0102","Tompkinsville-Stapleton-Clifton-Fox Hills","-1,823,011.16477151","19.32%","509.83%","0.51","3.17661075829","186"
"2025","BK1001","Bay Ridge","2,207,304.26225789","15.93%","667.57%","0.52","7.69829540105","13"
"2025","BX0301","Morrisania","-2,098,856.93601668","29.98%","1540.20%","0.51","3.43217077436","185"
"2025","BX0601","West Farms","954,192.677655184","34.94%","1809.21%","0.55","7.90384229505","10"
"2025","BX1203","Wakefield-Woodlawn","707,055.00738691","16.59%","909.85%","0.54","6.55528445854","59"
"2025","MN1201","Washington Heights (South)","2,673,103.36007119","26.78%","1417.65%","0.52","8.91946054013","1"
"2025","QN0902","Richmond Hill","-2,328,995.19901469","14.32%","602.99%","0.57","2.33964411502","193"
"2025","QN0904","Ozone Park (North)","-500,408.053228031","16.15%","694.89%","0.55","4.7872121749","172"
"2025","BK1301","Gravesend (South)","-852,284.5597621","19.39%","777.98%","0.61","4.34171541474","180"
"2025","BK1703","East Flatbush-Rugby","-985,286.68582102","14.25%","863.97%","0.54","4.51252755833","177"
"2025","BX0501","University Heights (South)-Morris Heights","1,967,725.99158661","28.18%","1167.44%","0.58","8.0248369809","6"
"2025","BX0902","Soundview-Clason Point","600,555.36026617","24.24%","1308.76%","0.52","6.74912936841","47"
"2025","QN0502","Ridgewood","1,531,860.2259482","16.81%","708.66%","0.51","7.05062426682","35"
"2025","QN1303","Queens Village","-1,364,241.41008293","12.02%","941.09%","0.54","4.06198747578","182"
"2025","SI0105","Westerleigh-Castleton Corners","637,569.289046739","10.31%","483.81%","0.47","6.06970911336","98"
"2025","BK1302","Coney Island-Sea Gate","1,846,332.33955989","25.94%","1255.40%","0.62","8.01668725374","7"
"2025","QN0105","Queensbridge-Ravenswood-Dutch Kills","-3,272,725.07376078","21.01%","847.32%","0.51","1.78837351738","197"
"2025","QN1202","South Jamaica","-2,561,516.49399059","16.03%","1347.54%","0.55","2.93347275092","187"
"2025","BX1101","Pelham Parkway-Van Nest","1,090,394.88704868","20.67%","1014.34%","0.52","7.04081411301","36"
"2025","MN0401","Chelsea-Hudson Yards","723,779.41204991","15.79%","560.22%","0.38","5.87294023284","124"
"2025","MN1002","Harlem (North)","1,832,379.14443154","24.06%","1238.09%","0.47","7.57499910728","15"
"2025","QN0303","North Corona","563,174.7457449","16.79%","436.78%","0.81","6.1044994324","94"
"2025","QN1204","Springfield Gardens (North)-Rochdale Village","-731,641.08231932","13.37%","838.09%","0.49","4.84827144364","169"
"2025","QN1402","Rockaway Beach-Arverne-Edgemere","349,017.48683823","21.03%","925.48%","0.54","6.0303443872","103"
"2025","BK0701","Windsor Terrace-South Slope","702,411.363228388","13.74%","686.21%","0.45","6.34954317722","71"
"2025","BK1601","Ocean Hill","-2,283,447.2240249","20.09%","831.51%","0.46","2.64299034109","189"
"2025","BX0403","Mount Eden-Claremont (West)","1,696,696.57636403","27.78%","1371.32%","0.60","7.9513129831","9"
"2025","BX0901","Soundview-Bruckner-Bronx River","2,780,543.96088838","24.61%","937.80%","0.62","8.780491261","2"
"2025","BK1702","East Flatbush-Farragut","-311,007.767624975","13.38%","966.12%","0.56","5.52621102944","148"
"2025","BK1801","Flatlands","-2,330,039.34529109","12.64%","792.73%","0.52","2.34484180104","192"
"2025","BK1803","Canarsie","-3,437,224.58032827","12.20%","755.21%","0.52","1.78848947571","196"
"2025","BX0202","Longwood","-797,194.90866576","29.78%","1472.33%","0.55","4.94789207872","167"
"2024","BK0101","Greenpoint","897,731.135091653","12.63%","7.35%","0.12","5.64915049192","82"
"2024","BK0102","Williamsburg","1,355,335.72556027","16.60%","6.38%","0.13","6.14492574811","42"
"2024","BK0103","South Williamsburg","1,055,387.58648404","14.54%","8.79%","0.08","6.4040587775","26"
"2024","BK0104","East Williamsburg","3,722,441.29073862","35.99%","6.38%","0.12","8.22096493452","1"
"2024","BK0201","Brooklyn Heights","333,889.897295095","8.96%","3.77%","0.10","4.69222256179","164"
"2024","BK0202","Downtown Brooklyn-DUMBO-Boerum Hill","-13,128.3120376705","13.93%","6.26%","0.14","4.55854861516","170"
"2024","BK0203","Fort Greene","327,874.986617178","17.39%","8.24%","0.11","5.70235644778","75"
"2024","BK0204","Clinton Hill","432,144.914647724","17.89%","7.59%","0.10","5.7683506142","71"
"2024","BK0301","Bedford-Stuyvesant (West)","232,533.459775219","15.52%","7.77%","0.10","5.56316877955","92"
"2024","BK0302","Bedford-Stuyvesant (East)","-2,466,102.1283639","17.27%","9.12%","0.10","3.29730895584","191"
"2024","BK0401","Bushwick (West)","708,798.961012008","16.53%","7.12%","0.16","5.95025178167","56"
"2024","BK0402","Bushwick (East)","-373,365.51476811","15.23%","7.57%","0.14","5.07323645658","133"
"2024","BK0501","Cypress Hills","-1,166,484.43704641","14.02%","5.46%","0.17","4.2372545189","179"
"2024","BK0502","East New York (North)","-1,523,623.21950544","15.79%","9.91%","0.14","4.38305452549","175"
"2024","BK0503","East New York-New Lots","-402,377.442568332","19.51%","12.36%","0.13","5.62775479837","83"
"2024","BK0504","Spring Creek-Starrett City","188,841.677091142","22.38%","8.13%","0.08","5.78852451988","69"
"2024","BK0505","East New York-City Line","-878,835.429455159","15.16%","6.43%","0.13","4.57342366233","169"
"2024","BK0601","Carroll Gardens-Cobble Hill-Gowanus-Red Hook","690,093.40410665","16.86%","7.17%","0.11","5.57433487161","88"
"2024","BK0602","Park Slope","740,191.865141086","9.43%","5.62%","0.10","5.58213332432","87"
"2024","BK0701","Windsor Terrace-South Slope","751,349.658538681","13.94%","6.39%","0.11","5.74833123746","73"
"2024","BK0702","Sunset Park (West)","1,812,385.83201379","21.51%","6.28%","0.21","6.82464285229","13"
"2024","BK0703","Sunset Park (Central)","552,537.649261346","13.28%","7.17%","0.33","5.5144299156","95"
"2024","BK0801","Prospect Heights","225,138.973241551","11.32%","4.84%","0.09","4.92653919022","145"
"2024","BK0802","Crown Heights (North)","-404,200.906121022","15.21%","8.66%","0.11","5.06348325995","134"
"2024","BK0901","Crown Heights (South)","-56,409.5558567191","14.14%","8.97%","0.15","4.85381466656","155"
"2024","BK0902","Prospect Lefferts Gardens-Wingate","-560,298.344602313","12.17%","6.29%","0.13","4.86433565836","153"
"2024","BK1001","Bay Ridge","2,485,987.17356987","17.16%","6.07%","0.14","6.57491123294","21"
"2024","BK1002","Dyker Heights","1,283,956.11219479","19.65%","6.72%","0.21","5.70310257999","74"
"2024","BK1101","Bensonhurst","1,806,362.34943439","15.54%","7.53%","0.25","6.41787351742","24"
"2024","BK1102","Bath Beach","899,835.001580302","16.82%","5.47%","0.20","5.3497844944","111"
"2024","BK1103","Gravesend (West)","1,223,285.62910325","16.00%","8.94%","0.22","6.03311060092","51"
"2024","BK1201","Sunset Park (East)-Borough Park (West)","802,264.456125236","16.11%","9.13%","0.29","5.95156632246","55"
"2024","BK1202","Borough Park","1,459,437.57843072","19.68%","7.53%","0.12","5.94523721564","58"
"2024","BK1203","Kensington","134,106.502346337","12.78%","5.67%","0.14","4.76313104394","161"
"2024","BK1204","Mapleton-Midwood (West)","1,248,582.95032581","26.43%","5.11%","0.14","6.05839081391","50"
"2024","BK1301","Gravesend (South)","-474,243.002695216","24.25%","9.06%","0.18","4.48264229088","172"
"2024","BK1302","Coney Island-Sea Gate","1,616,335.54044771","24.17%","10.17%","0.13","6.61346603737","19"
"2024","BK1303","Brighton Beach","235,949.706253139","10.17%","4.36%","0.26","5.39048288848","108"
"2024","BK1401","Flatbush","-424,811.029993984","8.23%","5.07%","0.17","4.91109233547","148"
"2024","BK1402","Flatbush (West)-Ditmas Park-Parkville","-509,307.117265488","16.81%","6.91%","0.16","4.68680831594","165"
"2024","BK1403","Midwood","721,557.771528911","15.05%","5.66%","0.17","5.68315004615","78"
"2024","BK1501","Gravesend (East)-Homecrest","1,474,982.85347844","17.61%","7.22%","0.17","5.94634601468","57"
"2024","BK1502","Madison","708,304.466658841","14.06%","5.35%","0.16","5.13182133605","127"
"2024","BK1503","Sheepshead Bay-Manhattan Beach-Gerritsen Beach","2,607,257.13486394","21.11%","4.91%","0.16","7.27745934381","5"
"2024","BK1601","Ocean Hill","-2,263,204.79687492","16.73%","7.99%","0.12","3.53624071094","188"
"2024","BK1602","Brownsville","264,829.105211529","24.29%","14.85%","0.14","6.41551643791","25"
"2024","BK1701","East Flatbush-Erasmus","-737,793.869854013","11.82%","7.13%","0.16","4.77394278555","157"
"2024","BK1702","East Flatbush-Farragut","-1,047,139.98534026","9.51%","8.74%","0.17","4.77165729756","160"
"2024","BK1703","East Flatbush-Rugby","-1,377,762.1916176","9.79%","7.21%","0.16","4.31750153013","177"
"2024","BK1704","East Flatbush-Remsen Village","-1,157,371.26019768","14.46%","11.02%","0.17","4.81118132441","156"
"2024","BK1801","Flatlands","-3,182,454.37147252","7.72%","7.44%","0.13","2.49245269495","193"
"2024","BK1802","Marine Park-Mill Basin-Bergen Beach","84,385.4488251216","10.54%","3.36%","0.11","4.87733433046","150"
"2024","BK1803","Canarsie","-4,278,148.74096381","7.51%","7.03%","0.13","1.93305910762","196"
"2024","BX0101","Mott Haven-Port Morris","1,098,264.02711379","31.43%","13.11%","0.15","6.90299504052","11"
"2024","BX0102","Melrose","-1,576,332.38684432","22.73%","11.32%","0.14","4.37908517715","176"
"2024","BX0201","Hunts Point","-690,257.604337158","26.58%","14.08%","0.16","5.32249018377","113"
"2024","BX0202","Longwood","-1,466,094.75301842","20.97%","17.00%","0.15","4.60655468875","167"
"2024","BX0301","Morrisania","-2,036,964.96911641","29.56%","15.62%","0.13","3.99636364128","182"
"2024","BX0302","Claremont Village-Claremont (East)","110,672.465016428","31.58%","14.92%","0.13","6.312356249","29"
"2024","BX0303","Crotona Park East","262,736.266835935","30.35%","11.66%","0.16","6.10808044336","45"
"2024","BX0401","Concourse-Concourse Village","166,276.30050347","23.82%","11.09%","0.19","5.97548654563","54"
"2024","BX0402","Highbridge","1,268,726.47414319","32.07%","9.79%","0.15","6.70239307502","17"
"2024","BX0403","Mount Eden-Claremont (West)","1,144,882.03469098","19.88%","14.42%","0.21","7.20760422831","6"
"2024","BX0501","University Heights (South)-Morris Heights","2,488,302.68537993","29.44%","11.98%","0.20","8.07042973813","2"
"2024","BX0502","Mount Hope","567,009.442649681","19.38%","13.86%","0.24","6.73177274138","16"
"2024","BX0503","Fordham Heights","74,632.9495575572","16.19%","14.27%","0.27","6.35760055043","27"
"2024","BX0601","West Farms","782,558.992156596","34.35%","16.58%","0.17","7.12094349997","8"
"2024","BX0602","Tremont","133,584.205790344","31.25%","12.47%","0.16","6.02141457447","52"
"2024","BX0603","Belmont","842,296.234673038","33.87%","15.03%","0.22","6.88977940502","12"
"2024","BX0701","University Heights (North)-Fordham","795,907.586655403","26.67%","13.32%","0.24","6.28884681132","32"
"2024","BX0702","Bedford Park","1,463,638.27020416","30.06%","13.33%","0.25","7.18867393437","7"
"2024","BX0703","Norwood","-130,707.951518669","18.75%","10.00%","0.23","5.68212952837","79"
"2024","BX0801","Kingsbridge Heights-Van Cortlandt Village","1,239,751.24663314","19.27%","9.80%","0.18","6.22581046403","38"
"2024","BX0802","Kingsbridge-Marble Hill","1,328,926.38279925","25.35%","8.88%","0.16","6.17264991492","40"
"2024","BX0803","Riverdale-Spuyten Duyvil","2,647,476.19307849","27.11%","5.62%","0.11","6.64927631815","18"
"2024","BX0901","Soundview-Bruckner-Bronx River","2,385,048.74164229","22.63%","10.06%","0.21","7.68658040655","3"
"2024","BX0902","Soundview-Clason Point","293,028.211265991","18.22%","10.91%","0.11","5.69443295826","77"
"2024","BX0903","Castle Hill-Unionport","815,649.654941075","23.77%","8.71%","0.16","5.81606841518","66"
"2024","BX0904","Parkchester","474,700.082457706","10.97%","11.61%","0.15","6.11831232914","44"
"2024","BX1001","Westchester Square","-88,214.4147788802","24.31%","7.08%","0.18","5.07583962959","132"
"2024","BX1002","Throgs Neck-Schuylerville","1,333,211.83174242","15.43%","7.13%","0.09","5.81953849018","65"
"2024","BX1003","Pelham Bay-Country Club-City Island","726,654.52782675","12.57%","8.72%","0.12","5.5636126383","91"
"2024","BX1004","Co-op City","569,517.318558906","11.79%","8.51%","0.09","5.35238737529","110"
"2024","BX1101","Pelham Parkway-Van Nest","958,064.370252319","20.47%","9.91%","0.17","6.23804535856","37"
"2024","BX1102","Morris Park","694,844.680447353","26.96%","8.12%","0.16","5.41578731163","104"
"2024","BX1103","Pelham Gardens","424,307.742435832","14.20%","6.81%","0.13","5.7971866545","67"
"2024","BX1104","Allerton","977,239.814315569","15.94%","10.64%","0.18","6.59943742477","20"
"2024","BX1201","Williamsbridge-Olinville","529,461.6104009","20.16%","10.74%","0.16","6.10248482436","47"
"2024","BX1202","Eastchester-Edenwald-Baychester","820,539.305591008","25.37%","9.62%","0.15","6.24206018029","36"
"2024","BX1203","Wakefield-Woodlawn","824,032.005172278","19.28%","9.24%","0.15","6.29348818786","31"
"2024","MN0101","Financial District-Battery Park City","339,484.396606642","10.99%","2.96%","0.11","4.48197619954","173"
"2024","MN0102","Tribeca-Civic Center","436,350.661958288","11.87%","2.98%","0.11","5.344533382","112"
"2024","MN0201","SoHo-Little Italy-Hudson Square","485,670.085448653","15.79%","3.45%","0.13","5.41215467017","105"
"2024","MN0202","Greenwich Village","545,591.271455395","11.98%","5.65%","0.11","5.24535499119","117"
"2024","MN0203","West Village","436,653.30189345","11.54%","7.27%","0.10","5.11285628358","129"
"2024","MN0301","Chinatown-Two Bridges","1,063,990.15297659","17.43%","11.55%","0.18","6.80396557275","14"
"2024","MN0302","Lower East Side","815,973.731548145","23.39%","5.32%","0.13","5.76797794246","72"
"2024","MN0303","East Village","737,116.123057523","15.86%","5.34%","0.12","5.30790598861","114"
"2024","MN0401","Chelsea-Hudson Yards","143,771.133501679","12.74%","4.38%","0.12","4.91507928773","147"
"2024","MN0402","Hell's Kitchen","677,899.670107339","12.22%","6.36%","0.15","5.61715329948","84"
"2024","MN0501","Midtown South-Flatiron-Union Square","330,563.241654016","15.55%","5.07%","0.13","5.18662022325","121"
"2024","MN0502","Midtown-Times Square","909,302.541546453","33.46%","5.77%","0.16","5.65616521185","81"
"2024","MN0601","Stuyvesant Town-Peter Cooper Village","485,342.168771942","14.97%","2.60%","0.13","4.91554650819","146"
"2024","MN0602","Gramercy","410,034.63548558","11.02%","2.99%","0.10","4.87015737078","152"
"2024","MN0603","Murray Hill-Kips Bay","926,197.93662432","10.91%","3.26%","0.14","5.49564540785","98"
"2024","MN0604","East Midtown-Turtle Bay","553,265.278906079","8.11%","4.60%","0.13","4.94702487239","143"
"2024","MN0701","Upper West Side-Lincoln Square","1,359,491.95357208","12.89%","6.07%","0.14","6.1248828255","43"
"2024","MN0702","Upper West Side (Central)","922,781.255114679","12.12%","4.42%","0.13","5.50203587993","97"
"2024","MN0703","Upper West Side-Manhattan Valley","1,160,549.86403112","15.41%","7.16%","0.14","6.26672640822","34"
"2024","MN0801","Upper East Side-Lenox Hill-Roosevelt Island","983,389.715132342","9.01%","3.67%","0.17","5.17257757224","123"
"2024","MN0802","Upper East Side-Carnegie Hill","993,736.244297001","17.81%","5.11%","0.11","5.12880205935","128"
"2024","MN0803","Upper East Side-Yorkville","881,719.204402591","10.16%","5.20%","0.12","5.16030380192","125"
"2024","MN0901","Morningside Heights","286,435.656628784","22.18%","10.00%","0.19","5.87454756716","59"
"2024","MN0902","Manhattanville-West Harlem","785,225.125520075","24.41%","12.92%","0.14","6.21985801288","39"
"2024","MN0903","Hamilton Heights-Sugar Hill","943,342.911429751","18.40%","8.35%","0.18","5.79562466238","68"
"2024","MN1001","Harlem (South)","-1,232,416.71568931","15.12%","6.92%","0.12","3.80792589205","186"
"2024","MN1002","Harlem (North)","1,169,640.71234775","19.60%","11.77%","0.13","6.25534148466","35"
"2024","MN1101","East Harlem (South)","1,517,825.79496548","21.65%","8.97%","0.13","6.796796588","15"
"2024","MN1102","East Harlem (North)","779,599.425861069","25.44%","8.98%","0.12","6.14759982617","41"
"2024","MN1201","Washington Heights (South)","1,816,291.43374584","20.29%","13.60%","0.19","7.0871150491","9"
"2024","MN1202","Washington Heights (North)","2,440,297.98549901","24.29%","12.25%","0.19","7.38953108517","4"
"2024","MN1203","Inwood","-624,041.386971921","14.99%","8.34%","0.17","4.58374591854","168"
"2024","QN0101","Astoria (North)-Ditmars-Steinway","2,040,784.74433581","20.10%","7.72%","0.13","6.44508216491","23"
"2024","QN0102","Old Astoria-Hallets Point","187,938.628122772","19.82%","7.35%","0.18","4.95083273955","141"
"2024","QN0103","Astoria (Central)","860,166.780490197","11.65%","6.82%","0.16","5.85637810666","61"
"2024","QN0104","Astoria (East)-Woodside (North)","1,072,940.28535686","16.93%","8.73%","0.18","5.77104964294","70"
"2024","QN0105","Queensbridge-Ravenswood-Dutch Kills","-3,549,293.758594","18.81%","7.24%","0.17","2.24547929946","195"
"2024","QN0201","Long Island City-Hunters Point","-129,753.359422854","11.46%","5.53%","0.21","5.13858327422","126"
"2024","QN0202","Sunnyside","-104,606.613041088","16.36%","6.52%","0.26","5.18133257228","122"
"2024","QN0203","Woodside","-557,994.268884639","14.78%","4.95%","0.33","4.00008275657","181"
"2024","QN0301","Jackson Heights","2,552,899.61208652","17.62%","9.09%","0.26","7.07063041402","10"
"2024","QN0302","East Elmhurst","160,279.081967766","18.87%","7.17%","0.24","5.5917682375","85"
"2024","QN0303","North Corona","408,405.276995648","13.77%","3.18%","0.40","5.40912309356","106"
"2024","QN0401","Elmhurst","1,836,059.86860406","13.99%","5.48%","0.32","6.35115193958","28"
"2024","QN0402","Corona","1,177,197.0215739","14.10%","6.68%","0.32","6.48853939117","22"
"2024","QN0501","Maspeth","752,749.328760964","11.58%","6.87%","0.18","5.85319017616","62"
"2024","QN0502","Ridgewood","1,390,134.29991662","12.82%","6.98%","0.20","6.31223338127","30"
"2024","QN0503","Glendale","403,126.687652967","17.72%","4.88%","0.15","5.16229329774","124"
"2024","QN0504","Middle Village","-481,957.925624873","11.42%","4.12%","0.15","3.96253079575","183"
"2024","QN0601","Rego Park","871,465.203141863","17.24%","5.48%","0.20","5.25160213128","116"
"2024","QN0602","Forest Hills","391,757.228184131","10.97%","4.61%","0.17","4.75279775735","162"
"2024","QN0701","College Point","1,361,530.21057138","20.81%","9.13%","0.19","6.1004946758","48"
"2024","QN0702","Whitestone-Beechhurst","709,596.825602113","11.20%","8.67%","0.12","5.56484459892","90"
"2024","QN0703","Bay Terrace-Clearview","498,161.785151664","9.97%","5.93%","0.10","5.08688321499","131"
"2024","QN0704","Murray Hill-Broadway Flushing","1,171,346.50584345","12.37%","5.45%","0.27","6.07410383605","49"
"2024","QN0705","East Flushing","587,386.734248914","20.70%","7.36%","0.30","5.21135806647","120"
"2024","QN0706","Queensboro Hill","1,220,847.02041877","30.92%","5.16%","0.28","5.47261549432","102"
"2024","QN0707","Flushing-Willets Point","838,894.147898957","15.96%","6.67%","0.37","5.86830141194","60"
"2024","QN0801","Kew Gardens Hills","-311,932.665043698","14.01%","6.38%","0.15","4.31614306246","178"
"2024","QN0802","Pomonok-Electchester-Hillcrest","235,557.252383678","10.66%","8.73%","0.14","5.11182002342","130"
"2024","QN0803","Fresh Meadows-Utopia","665,195.176721195","13.84%","4.01%","0.16","4.97860848454","138"
"2024","QN0804","Jamaica Estates-Holliswood","907,124.454477122","21.99%","8.41%","0.18","6.27049140932","33"
"2024","QN0805","Jamaica Hills-Briarwood","236,913.516214615","14.25%","9.67%","0.19","5.83989748895","64"
"2024","QN0901","Kew Gardens","72,641.3346878265","13.57%","5.45%","0.13","4.6178973094","166"
"2024","QN0902","Richmond Hill","-3,433,101.09946039","13.60%","6.53%","0.20","1.66790910608","197"
"2024","QN0903","South Richmond Hill","-343,057.394237872","13.99%","7.99%","0.25","4.77253715533","159"
"2024","QN0904","Ozone Park (North)","417,446.997176517","28.32%","7.47%","0.20","4.96047092167","139"
"2024","QN0905","Woodhaven","-196,114.85626356","12.71%","7.02%","0.20","4.77376596996","158"
"2024","QN1001","South Ozone Park","509,728.47946863","12.48%","9.05%","0.18","6.01365896589","53"
"2024","QN1002","Ozone Park","882,376.266838024","27.15%","6.47%","0.14","5.28638919212","115"
"2024","QN1003","Howard Beach-Lindenwood","726,914.983739483","12.25%","8.25%","0.08","5.5142234129","96"
"2024","QN1101","Auburndale","1,001,987.83371797","13.40%","5.33%","0.18","5.37606720707","109"
"2024","QN1102","Bayside","961,224.993704431","12.79%","4.40%","0.14","5.67346554868","80"
"2024","QN1103","Douglaston-Little Neck","396,606.701676989","10.78%","5.74%","0.12","4.94565042817","144"
"2024","QN1104","Oakland Gardens-Hollis Hills","557,889.437230366","9.76%","4.44%","0.13","4.94902217036","142"
"2024","QN1201","Jamaica","-1,998,551.17688904","13.23%","9.36%","0.24","3.92810250288","184"
"2024","QN1202","South Jamaica","-3,624,176.79513963","13.66%","15.62%","0.17","3.19565418517","192"
"2024","QN1203","Baisley Park","-925,195.428019899","8.62%","9.75%","0.15","4.98117912114","137"
"2024","QN1204","Springfield Gardens (North)-Rochdale Village","-1,134,213.75368475","7.03%","6.93%","0.10","4.4723024605","174"
"2024","QN1205","St. Albans","-2,915,128.18613421","7.53%","5.34%","0.12","2.35487624247","194"
"2024","QN1206","Hollis","-1,299,441.72436462","9.24%","8.41%","0.15","4.01874343685","180"
"2024","QN1301","Glen Oaks-Floral Park-New Hyde Park","1,563,062.77580299","31.09%","4.19%","0.14","5.59134607956","86"
"2024","QN1302","Bellerose","626,748.001658419","11.30%","5.58%","0.16","5.56646781245","89"
"2024","QN1303","Queens Village","-1,630,911.15236098","9.20%","9.17%","0.15","3.74456044661","187"
"2024","QN1304","Cambria Heights","-846,870.637062672","3.41%","5.42%","0.12","3.90537409221","185"
"2024","QN1305","Laurelton","-1,292,000.60372653","2.92%","5.04%","0.11","3.46827110747","189"
"2024","QN1306","Springfield Gardens (South)-Brookville","-162,404.666645044","9.02%","8.56%","0.12","5.47783421141","100"
"2024","QN1307","Rosedale","20,160.5154243239","5.49%","7.44%","0.13","4.86292229382","154"
"2024","QN1401","Far Rockaway-Bayswater","289,640.305216841","16.15%","9.85%","0.15","5.84372531514","63"
"2024","QN1402","Rockaway Beach-Arverne-Edgemere","212,972.850001161","14.22%","8.26%","0.12","5.23390308917","118"
"2024","QN1403","Breezy Point-Belle Harbor-Rockaway Park-Broad Channel","528,665.700381997","17.97%","6.33%","0.08","5.4041646922","107"
"2024","SI0101","St. George-New Brighton","-237,746.901649421","7.53%","8.68%","0.12","4.9997965202","136"
"2024","SI0102","Tompkinsville-Stapleton-Clifton-Fox Hills","-1,901,426.98509383","8.85%","6.87%","0.14","3.32944667156","190"
"2024","SI0103","Rosebank-Shore Acres-Park Hill","-124,780.283474785","8.08%","7.90%","0.12","5.2165496723","119"
"2024","SI0104","West New Brighton-Silver Lake-Grymes Hill","224,845.990993666","13.50%","4.51%","0.10","4.87891469278","149"
"2024","SI0105","Westerleigh-Castleton Corners","698,446.349424116","10.72%","4.27%","0.09","5.53993045683","93"
"2024","SI0106","Port Richmond","-722,445.957726852","13.49%","8.91%","0.15","4.54457499084","171"
"2024","SI0107","Mariner's Harbor-Arlington-Graniteville","583,181.137723868","11.05%","7.00%","0.13","5.53373479144","94"
"2024","SI0201","Grasmere-Arrochar-South Beach-Dongan Hills","644,265.224158975","11.69%","5.08%","0.12","5.47635704442","101"
"2024","SI0202","New Dorp-Midland Beach","505,741.94173842","8.45%","5.46%","0.16","5.47821093936","99"
"2024","SI0203","Todt Hill-Emerson Hill-Lighthouse Hill-Manor Heights","978,614.789462743","23.78%","5.52%","0.11","5.69982677086","76"
"2024","SI0204","New Springville-Willowbrook-Bulls Head-Travis","1,421,004.9451251","16.09%","5.02%","0.11","6.10431119677","46"
"2024","SI0301","Oakwood-Richmondtown","352,582.752349835","9.54%","6.19%","0.09","5.44278531796","103"
"2024","SI0302","Great Kills-Eltingville","630,573.238306216","8.01%","5.27%","0.08","5.0229719765","135"
"2024","SI0303","Arden Heights-Rossville","402,179.416185866","6.00%","4.70%","0.08","4.87296242005","151"
"2024","SI0304","Annadale-Huguenot-Prince's Bay-Woodrow","763,039.62038734","9.82%","3.40%","0.07","4.95535215642","140"
"2024","SI0305","Tottenville-Charleston","484,231.064088728","14.60%","1.38%","0.07","4.72457518226","163"
"2023","BK0101","Greenpoint","738,933.793","10.66%","7.44%","0.12","5.64358981908","69"
"2023","BK0102","Williamsburg","1,091,178.236","11.53%","6.04%","0.13","6.19005506507","35"
"2023","BK0103","South Williamsburg","2,029,566.807","23.14%","7.56%","0.08","7.35344170735","5"
"2023","BK0104","East Williamsburg","1,585,135.786","18.19%","7.01%","0.11","7.08337277249","10"
"2023","BK0201","Brooklyn Heights","228,539.2031","7.59%","4.79%","0.08","4.71898605468","152"
"2023","BK0202","Downtown Brooklyn-DUMBO-Boerum Hill","-82,217.31493","12.70%","6.57%","0.14","4.34092202088","165"
"2023","BK0203","Fort Greene","-225,650.6732","16.00%","8.82%","0.10","4.53420730559","159"
"2023","BK0204","Clinton Hill","-904,474.3638","11.77%","7.23%","0.09","3.68614173089","182"
"2023","BK0301","Bedford-Stuyvesant (West)","1,003,226.768","16.34%","7.18%","0.10","6.09957404622","37"
"2023","BK0302","Bedford-Stuyvesant (East)","-1,170,859.96","16.52%","8.25%","0.10","3.49745687098","185"
"2023","BK0401","Bushwick (West)","1,062,227.42","15.88%","6.34%","0.16","5.86969499108","54"
"2023","BK0402","Bushwick (East)","421,284.6439","15.97%","6.47%","0.14","5.47768040784","87"
"2023","BK0501","Cypress Hills","-816,321.473","12.14%","5.05%","0.17","4.06173797777","174"
"2023","BK0502","East New York (North)","-567,429.1908","18.35%","11.16%","0.15","4.79450671809","150"
"2023","BK0503","East New York-New Lots","225,689.695","18.73%","13.26%","0.13","6.00985900057","42"
"2023","BK0504","Spring Creek-Starrett City","165,093.6867","20.73%","7.70%","0.08","5.18597690377","110"
"2023","BK0505","East New York-City Line","455,552.9834","16.51%","6.73%","0.13","5.21889430702","109"
"2023","BK0601","Carroll Gardens-Cobble Hill-Gowanus-Red Hook","701,540.9248","14.38%","7.84%","0.10","5.68378611064","65"
"2023","BK0602","Park Slope","519,668.3874","7.19%","5.52%","0.10","5.46624550155","90"
"2023","BK0701","Windsor Terrace-South Slope","408,957.7151","7.34%","5.99%","0.10","5.51319416444","81"
"2023","BK0702","Sunset Park (West)","1,300,662.35","14.57%","5.88%","0.21","6.72486250598","19"
"2023","BK0703","Sunset Park (Central)","1,017,015.354","17.65%","7.57%","0.33","5.98518146138","45"
"2023","BK0801","Prospect Heights","-255,191.1564","9.59%","4.92%","0.09","4.33144572372","166"
"2023","BK0802","Crown Heights (North)","904,955.1753","17.16%","8.35%","0.11","5.32470491258","99"
"2023","BK0901","Crown Heights (South)","428,357.3896","16.47%","8.40%","0.14","5.02421319164","129"
"2023","BK0902","Prospect Lefferts Gardens-Wingate","220,152.9382","16.63%","6.78%","0.13","5.33081217593","98"
"2023","BK1001","Bay Ridge","1,686,208.707","11.70%","6.04%","0.13","6.38137447532","27"
"2023","BK1002","Dyker Heights","852,818.4839","14.03%","7.15%","0.21","5.56824074226","75"
"2023","BK1101","Bensonhurst","2,099,139.507","14.25%","7.06%","0.24","7.01269064136","12"
"2023","BK1102","Bath Beach","732,983.569","12.38%","5.29%","0.19","5.3502635394","96"
"2023","BK1103","Gravesend (West)","1,324,008.657","14.16%","8.13%","0.21","6.25896162345","31"
"2023","BK1201","Sunset Park (East)-Borough Park (West)","971,023.7311","18.20%","9.85%","0.29","6.26920288118","30"
"2023","BK1202","Borough Park","1,583,534.44","18.36%","7.52%","0.12","6.23192730018","33"
"2023","BK1203","Kensington","476,246.8529","14.46%","6.30%","0.14","5.06833580598","123"
"2023","BK1204","Mapleton-Midwood (West)","553,225.1803","14.97%","5.59%","0.13","5.67913877907","67"
"2023","BK1301","Gravesend (South)","-412,136.3796","17.20%","10.24%","0.16","4.36344563207","164"
"2023","BK1302","Coney Island-Sea Gate","1,534,515.34","20.96%","8.09%","0.13","6.60213116339","21"
"2023","BK1303","Brighton Beach","1,010,009.066","19.78%","3.56%","0.25","6.06094365985","40"
"2023","BK1401","Flatbush","932,380.7417","15.05%","5.04%","0.17","5.49674645119","85"
"2023","BK1402","Flatbush (West)-Ditmas Park-Parkville","-77,079.7641","15.18%","6.94%","0.15","4.83628200654","142"
"2023","BK1403","Midwood","929,666.6185","14.55%","5.49%","0.16","5.94541959075","48"
"2023","BK1501","Gravesend (East)-Homecrest","1,214,056.048","13.72%","7.45%","0.16","6.00240349707","43"
"2023","BK1502","Madison","538,475.7539","10.84%","5.59%","0.15","5.08510090889","122"
"2023","BK1503","Sheepshead Bay-Manhattan Beach-Gerritsen Beach","1,493,289.317","12.29%","5.04%","0.15","6.85269975596","15"
"2023","BK1601","Ocean Hill","-1,889,557.933","16.11%","6.53%","0.12","2.79757967558","192"
"2023","BK1602","Brownsville","1,322,309.626","30.84%","18.77%","0.12","7.60223159541","4"
"2023","BK1701","East Flatbush-Erasmus","-156,023.3795","14.98%","6.00%","0.17","4.37246116637","163"
"2023","BK1702","East Flatbush-Farragut","-810,537.5212","11.22%","7.25%","0.18","4.31421072836","167"
"2023","BK1703","East Flatbush-Rugby","-575,068.8268","12.76%","6.30%","0.16","4.46724866841","162"
"2023","BK1704","East Flatbush-Remsen Village","-319,917.5862","16.92%","11.23%","0.16","5.13693646254","115"
"2023","BK1801","Flatlands","-2,014,610.081","10.77%","7.56%","0.13","2.43407211461","193"
"2023","BK1802","Marine Park-Mill Basin-Bergen Beach","47,701.30332","7.56%","3.25%","0.10","4.83449570436","143"
"2023","BK1803","Canarsie","-2,750,146.046","11.30%","5.61%","0.13","1.65699505237","196"
"2023","BX0101","Mott Haven-Port Morris","175,613.1911","25.83%","11.64%","0.15","5.71276612528","64"
"2023","BX0102","Melrose","-1,540,329.219","24.46%","13.26%","0.14","3.19899024309","188"
"2023","BX0201","Hunts Point","-882,935.4792","24.54%","16.26%","0.15","4.80966188601","145"
"2023","BX0202","Longwood","-1,185,763.548","22.85%","14.70%","0.16","3.76359494702","179"
"2023","BX0301","Morrisania","-1,737,491.446","22.52%","14.51%","0.15","3.26761334888","187"
"2023","BX0302","Claremont Village-Claremont (East)","315,318.4806","32.01%","14.60%","0.12","6.21006352731","34"
"2023","BX0303","Crotona Park East","310,799.6093","21.50%","9.61%","0.14","5.89308402233","53"
"2023","BX0401","Concourse-Concourse Village","252,016.6664","21.08%","10.04%","0.20","5.22055785769","108"
"2023","BX0402","Highbridge","933,718.517","22.54%","12.28%","0.16","6.8439377194","16"
"2023","BX0403","Mount Eden-Claremont (West)","1,516,984.135","21.28%","15.68%","0.23","7.77758302602","3"
"2023","BX0501","University Heights (South)-Morris Heights","2,361,859.989","25.28%","13.90%","0.21","8.2257132048","2"
"2023","BX0502","Mount Hope","1,221,510.163","20.74%","12.57%","0.24","7.20448408835","8"
"2023","BX0503","Fordham Heights","806,269.9604","25.64%","15.01%","0.26","6.86734467932","14"
"2023","BX0601","West Farms","705,172.413","28.87%","19.50%","0.15","7.32988486331","6"
"2023","BX0602","Tremont","120,410.8154","24.58%","12.74%","0.13","5.84129681765","57"
"2023","BX0603","Belmont","598,753.4068","27.05%","16.20%","0.22","6.73109768661","17"
"2023","BX0701","University Heights (North)-Fordham","238,871.2233","19.04%","13.50%","0.23","5.67946027627","66"
"2023","BX0702","Bedford Park","470,875.1776","19.57%","12.71%","0.24","6.25543049945","32"
"2023","BX0703","Norwood","328,355.2015","23.02%","10.72%","0.22","5.85281676444","56"
"2023","BX0801","Kingsbridge Heights-Van Cortlandt Village","1,149,632.868","16.35%","10.57%","0.19","6.44142694664","25"
"2023","BX0802","Kingsbridge-Marble Hill","891,419.3725","17.20%","9.22%","0.14","6.03811107563","41"
"2023","BX0803","Riverdale-Spuyten Duyvil","932,579.4693","9.51%","5.43%","0.09","6.08751469717","38"
"2023","BX0901","Soundview-Bruckner-Bronx River","2,732,153.361","22.33%","10.47%","0.21","8.57116335042","1"
"2023","BX0902","Soundview-Clason Point","611,939.7541","19.59%","9.82%","0.10","5.77956418868","59"
"2023","BX0903","Castle Hill-Unionport","756,392.0494","17.62%","9.23%","0.14","5.92655896135","51"
"2023","BX0904","Parkchester","840,305.2111","15.67%","10.69%","0.13","6.34450857054","29"
"2023","BX1001","Westchester Square","-720,982.8287","16.86%","7.77%","0.18","4.22871210151","170"
"2023","BX1002","Throgs Neck-Schuylerville","861,008.6592","11.33%","7.11%","0.09","5.59280619014","72"
"2023","BX1003","Pelham Bay-Country Club-City Island","587,966.9619","10.13%","8.25%","0.11","5.47152059666","88"
"2023","BX1004","Co-op City","679,792.9615","12.20%","7.32%","0.09","5.36835285353","95"
"2023","BX1101","Pelham Parkway-Van Nest","748,668.695","17.75%","10.18%","0.18","6.15337729756","36"
"2023","BX1102","Morris Park","-196,019.0406","12.80%","8.31%","0.15","4.54919460483","157"
"2023","BX1103","Pelham Gardens","436,643.549","10.13%","6.50%","0.13","5.60798001291","71"
"2023","BX1104","Allerton","1,489,743.856","21.26%","11.55%","0.18","7.30117156621","7"
"2023","BX1201","Williamsbridge-Olinville","1,107,460.732","19.46%","10.94%","0.17","6.64386088043","20"
"2023","BX1202","Eastchester-Edenwald-Baychester","425,054.0326","14.85%","9.90%","0.15","5.99931684153","44"
"2023","BX1203","Wakefield-Woodlawn","350,310.2462","14.08%","8.38%","0.15","5.75355705777","62"
"2023","MN0101","Financial District-Battery Park City","625,005.7956","6.96%","3.35%","0.11","5.03139853587","128"
"2023","MN0102","Tribeca-Civic Center","203,115.2124","6.25%","3.62%","0.11","5.28626607616","104"
"2023","MN0201","SoHo-Little Italy-Hudson Square","332,364.0939","10.35%","2.53%","0.14","5.38707099723","93"
"2023","MN0202","Greenwich Village","336,493.8523","7.64%","5.99%","0.12","5.15916901685","112"
"2023","MN0203","West Village","376,781.3101","9.57%","7.14%","0.10","5.06099204359","124"
"2023","MN0301","Chinatown-Two Bridges","1,329,800.632","20.66%","11.13%","0.19","7.09982827913","9"
"2023","MN0302","Lower East Side","290,239.4793","18.46%","5.55%","0.13","5.29368531064","102"
"2023","MN0303","East Village","842,491.8974","15.03%","5.53%","0.11","5.44616669879","91"
"2023","MN0401","Chelsea-Hudson Yards","-311,334.0647","10.21%","4.36%","0.12","4.27539196744","169"
"2023","MN0402","Hell's Kitchen","903,109.1351","12.38%","6.79%","0.14","5.95831766974","46"
"2023","MN0501","Midtown South-Flatiron-Union Square","41,919.22102","8.19%","4.98%","0.13","4.92685980951","136"
"2023","MN0502","Midtown-Times Square","-34,734.24015","9.34%","4.04%","0.15","4.31004914261","168"
"2023","MN0601","Stuyvesant Town-Peter Cooper Village","210,408.2356","8.29%","2.89%","0.13","4.82208045707","144"
"2023","MN0602","Gramercy","424,875.0802","9.16%","3.44%","0.08","5.04651607941","125"
"2023","MN0603","Murray Hill-Kips Bay","1,127,865.041","9.69%","4.16%","0.13","5.58353997611","73"
"2023","MN0604","East Midtown-Turtle Bay","435,464.0499","6.09%","3.80%","0.12","4.84852790598","140"
"2023","MN0701","Upper West Side-Lincoln Square","915,483.0524","8.35%","5.86%","0.14","5.53799925153","80"
"2023","MN0702","Upper West Side (Central)","439,127.3718","8.32%","4.67%","0.11","5.15347374173","113"
"2023","MN0703","Upper West Side-Manhattan Valley","1,199,965.112","14.57%","7.93%","0.13","6.57316638299","23"
"2023","MN0801","Upper East Side-Lenox Hill-Roosevelt Island","1,240,516.348","8.43%","3.55%","0.15","5.67896071047","68"
"2023","MN0802","Upper East Side-Carnegie Hill","295,590.553","5.54%","5.34%","0.10","4.80271565316","148"
"2023","MN0803","Upper East Side-Yorkville","1,007,297.5","8.38%","3.74%","0.12","5.35022271963","97"
"2023","MN0901","Morningside Heights","-8,538.37235","13.98%","8.19%","0.17","4.87462290719","139"
"2023","MN0902","Manhattanville-West Harlem","618,887.0533","18.95%","11.43%","0.15","5.95408224139","47"
"2023","MN0903","Hamilton Heights-Sugar Hill","808,996.8136","15.92%","8.32%","0.17","5.73699205697","63"
"2023","MN1001","Harlem (South)","-441,461.397","16.94%","6.67%","0.12","4.00082076538","175"
"2023","MN1002","Harlem (North)","2,027,470.719","21.48%","10.95%","0.12","7.07732412686","11"
"2023","MN1101","East Harlem (South)","1,621,986.721","20.91%","9.62%","0.13","6.72816624405","18"
"2023","MN1102","East Harlem (North)","1,216,045.823","23.58%","8.47%","0.12","6.08637757321","39"
"2023","MN1201","Washington Heights (South)","1,600,742.474","18.53%","12.96%","0.20","6.98508536339","13"
"2023","MN1202","Washington Heights (North)","1,064,662.487","15.62%","12.42%","0.18","6.44435379122","24"
"2023","MN1203","Inwood","-180,238.2823","15.03%","8.31%","0.17","4.65450962452","155"
"2023","QN0101","Astoria (North)-Ditmars-Steinway","1,030,231.57","10.36%","7.07%","0.13","5.86907365313","55"
"2023","QN0102","Old Astoria-Hallets Point","231,781.5294","18.91%","8.38%","0.17","5.04100682337","126"
"2023","QN0103","Astoria (Central)","1,059,902.485","12.35%","7.08%","0.16","5.77305661206","60"
"2023","QN0104","Astoria (East)-Woodside (North)","716,980.1706","12.20%","7.79%","0.17","5.4986176083","84"
"2023","QN0105","Queensbridge-Ravenswood-Dutch Kills","-1,392,681.791","20.02%","7.04%","0.16","3.39126881074","186"
"2023","QN0201","Long Island City-Hunters Point","-89,791.05924","5.93%","6.16%","0.20","5.17067568362","111"
"2023","QN0202","Sunnyside","-1,001,672.239","10.57%","6.92%","0.26","3.99664539999","176"
"2023","QN0203","Woodside","818,241.9269","9.33%","5.01%","0.33","5.48856466075","86"
"2023","QN0301","Jackson Heights","1,263,895.726","9.79%","9.12%","0.26","6.41058320501","26"
"2023","QN0302","East Elmhurst","-164,804.5072","11.83%","6.92%","0.22","5.14757373347","114"
"2023","QN0303","North Corona","-1,101,326.345","10.66%","3.29%","0.39","3.6620053162","184"
"2023","QN0401","Elmhurst","452,126.929","10.90%","5.32%","0.32","5.10113565066","121"
"2023","QN0402","Corona","-2,263,537.799","12.73%","6.30%","0.33","2.36507681363","194"
"2023","QN0501","Maspeth","553,743.5826","8.58%","6.51%","0.17","5.27904991165","105"
"2023","QN0502","Ridgewood","1,139,912.396","10.10%","7.39%","0.19","5.93631233089","49"
"2023","QN0503","Glendale","-209,126.8543","7.97%","5.61%","0.14","4.20286431107","171"
"2023","QN0504","Middle Village","-527,148.9697","7.71%","4.58%","0.15","3.72190153906","181"
"2023","QN0601","Rego Park","446,473.1014","10.64%","4.98%","0.19","4.94312850162","133"
"2023","QN0602","Forest Hills","723,135.1813","9.43%","4.76%","0.16","5.12855919602","118"
"2023","QN0701","College Point","517,283.4944","7.84%","8.23%","0.19","5.46932668008","89"
"2023","QN0702","Whitestone-Beechhurst","452,737.1232","6.85%","7.62%","0.12","5.29641942883","101"
"2023","QN0703","Bay Terrace-Clearview","384,720.2784","7.62%","6.90%","0.10","5.13440397248","116"
"2023","QN0704","Murray Hill-Broadway Flushing","1,112,804.93","11.05%","4.97%","0.27","5.76256409013","61"
"2023","QN0705","East Flushing","78,995.23013","12.09%","6.81%","0.29","4.68532744056","154"
"2023","QN0706","Queensboro Hill","369,394.8118","10.60%","5.19%","0.28","4.93846412187","134"
"2023","QN0707","Flushing-Willets Point","799,023.231","15.82%","5.75%","0.36","5.29831691401","100"
"2023","QN0801","Kew Gardens Hills","-309,269.1005","10.12%","6.14%","0.15","4.0886707056","172"
"2023","QN0802","Pomonok-Electchester-Hillcrest","713,600.1306","15.39%","8.97%","0.12","5.50722203718","82"
"2023","QN0803","Fresh Meadows-Utopia","516,502.9152","10.98%","4.70%","0.15","5.03481482121","127"
"2023","QN0804","Jamaica Estates-Holliswood","341,396.5582","8.92%","8.80%","0.17","5.92670852313","50"
"2023","QN0805","Jamaica Hills-Briarwood","439,227.4095","13.11%","9.26%","0.18","5.92259179807","52"
"2023","QN0901","Kew Gardens","144,592.772","9.93%","5.42%","0.14","4.65228241392","156"
"2023","QN0902","Richmond Hill","-2,468,787.736","10.66%","5.71%","0.19","1.41129491603","197"
"2023","QN0903","South Richmond Hill","-114,405.2212","13.23%","8.28%","0.24","4.80765360798","146"
"2023","QN0904","Ozone Park (North)","-117,007.6035","12.33%","8.06%","0.19","4.53875773373","158"
"2023","QN0905","Woodhaven","-121,379.7725","8.46%","7.83%","0.20","4.79669491459","149"
"2023","QN1001","South Ozone Park","588,303.7278","10.95%","8.73%","0.17","5.54036462226","79"
"2023","QN1002","Ozone Park","321,295.4656","10.31%","6.17%","0.13","4.92139444269","137"
"2023","QN1003","Howard Beach-Lindenwood","636,282.0614","10.22%","9.29%","0.07","5.62787272351","70"
"2023","QN1101","Auburndale","553,408.6708","7.35%","4.83%","0.18","5.11010085607","120"
"2023","QN1102","Bayside","565,390.0224","7.34%","4.68%","0.14","5.54160902669","78"
"2023","QN1103","Douglaston-Little Neck","262,784.4073","6.48%","5.49%","0.12","4.8432890069","141"
"2023","QN1104","Oakland Gardens-Hollis Hills","439,646.0523","7.55%","5.21%","0.12","5.01173807558","131"
"2023","QN1201","Jamaica","-1,862,764.978","13.96%","8.62%","0.24","2.97538287314","190"
"2023","QN1202","South Jamaica","-2,882,998.136","16.11%","14.94%","0.17","2.89651347628","191"
"2023","QN1203","Baisley Park","-189,680.0695","10.90%","9.74%","0.15","5.28667427439","103"
"2023","QN1204","Springfield Gardens (North)-Rochdale Village","-627,467.6394","10.64%","7.10%","0.09","4.49631663562","160"
"2023","QN1205","St. Albans","-1,996,022.429","9.78%","5.44%","0.12","2.18655189946","195"
"2023","QN1206","Hollis","-702,529.8383","11.16%","6.33%","0.14","3.89852817965","177"
"2023","QN1301","Glen Oaks-Floral Park-New Hyde Park","406,931.2689","7.85%","4.26%","0.14","4.88182969971","138"
"2023","QN1302","Bellerose","427,361.2366","7.80%","6.58%","0.16","5.57770203204","74"
"2023","QN1303","Queens Village","-981,430.8178","9.50%","8.86%","0.15","3.67612328567","183"
"2023","QN1304","Cambria Heights","-601,660.901","6.79%","5.75%","0.12","3.80689941179","178"
"2023","QN1305","Laurelton","-608,571.9333","7.09%","5.60%","0.11","3.74514782956","180"
"2023","QN1306","Springfield Gardens (South)-Brookville","62,271.05773","10.56%","7.14%","0.11","5.383628674","94"
"2023","QN1307","Rosedale","234,625.1306","8.27%","7.12%","0.10","4.93618216701","135"
"2023","QN1401","Far Rockaway-Bayswater","869,787.9585","16.03%","10.06%","0.15","6.35145310965","28"
"2023","QN1402","Rockaway Beach-Arverne-Edgemere","1,381,374.195","17.53%","9.79%","0.11","6.57834582923","22"
"2023","QN1403","Breezy Point-Belle Harbor-Rockaway Park-Broad Channel","332,443.0736","9.51%","5.92%","0.07","5.26932253583","106"
"2023","SI0101","St. George-New Brighton","390,451.9196","17.05%","6.64%","0.11","5.25215660944","107"
"2023","SI0102","Tompkinsville-Stapleton-Clifton-Fox Hills","-1,266,679.246","18.26%","6.39%","0.14","3.16543124882","189"
"2023","SI0103","Rosebank-Shore Acres-Park Hill","345,292.4355","14.34%","8.23%","0.12","5.55569715188","77"
"2023","SI0104","West New Brighton-Silver Lake-Grymes Hill","164,771.2549","10.29%","3.95%","0.10","4.74824691633","151"
"2023","SI0105","Westerleigh-Castleton Corners","417,583.2509","6.70%","5.21%","0.10","5.50051679928","83"
"2023","SI0106","Port Richmond","-709,989.7873","10.51%","7.84%","0.15","4.06678763315","173"
"2023","SI0107","Mariner's Harbor-Arlington-Graniteville","502,986.0649","11.34%","6.31%","0.14","5.40947114909","92"
"2023","SI0201","Grasmere-Arrochar-South Beach-Dongan Hills","568,660.8488","10.38%","5.83%","0.11","5.5648819309","76"
"2023","SI0202","New Dorp-Midland Beach","515,928.8776","8.44%","5.60%","0.15","5.12292736061","119"
"2023","SI0203","Todt Hill-Emerson Hill-Lighthouse Hill-Manor Heights","-37,083.22985","7.31%","5.67%","0.11","4.482084921","161"
"2023","SI0204","New Springville-Willowbrook-Bulls Head-Travis","729,327.2479","8.03%","5.38%","0.10","5.80347755363","58"
"2023","SI0301","Oakwood-Richmondtown","331,779.91","8.30%","6.34%","0.08","5.01058849068","132"
"2023","SI0302","Great Kills-Eltingville","581,386.9542","7.36%","4.81%","0.06","5.01270756637","130"
"2023","SI0303","Arden Heights-Rossville","480,368.9664","7.14%","6.01%","0.07","5.13067395488","117"
"2023","SI0304","Annadale-Huguenot-Prince's Bay-Woodrow","391,979.8772","5.10%","3.71%","0.07","4.8035791775","147"
"2023","SI0305","Tottenville-Charleston","253,192.0929","7.35%","2.03%","0.07","4.69067524167","153"
"2022","BK09","Brooklyn Heights-Cobble Hill","357,939.771204754",,"5.08%",,"6.222","137"
"2022","BK17","Sheepshead Bay-Gerritsen Beach-Manhattan Beach","1,388,057.14038015",,"9.68%",,"7.55175","28"
"2022","BK19","Brighton Beach","925,341.219891935",,"8.58%",,"7.201","45"
"2022","BK21","Seagate-Coney Island","389,108.055375911",,"19.24%",,"7.461","34"
"2022","BK23","West Brighton","380,626.519733415",,"8.17%",,"6.481","107"
"2022","BK25","Homecrest","511,214.631957526",,"8.57%",,"6.69525","80"
"2022","BK26","Gravesend","-543,034.692016205",,"13.09%",,"6.2045","139"
"2022","BK27","Bath Beach","755,600.064570707",,"8.91%",,"6.853","65"
"2022","BK28","Bensonhurst West","1,255,889.04006466",,"11.38%",,"7.77725","17"
"2022","BK29","Bensonhurst East","641,438.29737552",,"10.30%",,"7.06425","50"
"2022","BK30","Dyker Heights","777,325.536666518",,"10.88%",,"7.06825","48"
"2022","BK31","Bay Ridge","1,274,700.91024922",,"8.57%",,"7.40025","37"
"2022","BK32","Sunset Park West","1,179,545.80540742",,"11.48%",,"7.824","16"
"2022","BK33","Carroll Gardens-Columbia Street-Red Hook","622,414.526256284",,"7.39%",,"6.6175","87"
"2022","BK34","Sunset Park East","1,659,544.94380941",,"10.96%",,"8.25925","5"
"2022","BK35","Stuyvesant Heights","-3,178,057.857265",,"14.65%",,"4.65075","183"
"2022","BK37","Park Slope-Gowanus","443,301.197532398",,"5.02%",,"6.344","122"
"2022","BK38","DUMBO-Vinegar Hill-Downtown Brooklyn-Boerum Hill","435,079.333125454",,"9.88%",,"6.69625","79"
"2022","BK40","Windsor Terrace","225,188.887909773",,"5.22%",,"6.117","147"
"2022","BK41","Kensington-Ocean Parkway","-114,296.241021798",,"9.30%",,"6.21325","138"
"2022","BK42","Flatbush","-1,962,149.37153344",,"11.21%",,"5.47725","172"
"2022","BK43","Midwood","-727,741.280123081",,"9.28%",,"6.0565","151"
"2022","BK44","Madison","643,644.796569599",,"7.91%",,"6.70125","78"
"2022","BK45","Georgetown-Marine Park-Bergen Beach-Mill Basin","143,933.135575954",,"8.07%",,"6.31225","130"
"2022","BK46","Ocean Parkway South","-890,581.661571043",,"7.14%",,"5.4135","175"
"2022","BK50","Canarsie","-4,652,214.33094804",,"10.81%",,"3.218","187"
"2022","BK58","Flatlands","-978,325.689157357",,"12.58%",,"5.90675","155"
"2022","BK60","Prospect Lefferts Gardens-Wingate","-780,098.45527605",,"13.06%",,"6.18775","141"
"2022","BK61","Crown Heights North","-928,738.484183251",,"11.90%",,"6.062","150"
"2022","BK63","Crown Heights South","-163,720.881709088",,"13.54%",,"6.561","98"
"2022","BK64","Prospect Heights","-47,974.021349053",,"6.59%",,"6.012","152"
"2022","BK68","Fort Greene","101,820.716385217",,"10.59%",,"6.48275","105"
"2022","BK69","Clinton Hill","-206,596.668580914",,"8.57%",,"6.07325","149"
"2022","BK72","Williamsburg","1,550,559.78339156",,"7.73%",,"7.62325","25"
"2022","BK73","North Side-South Side","-502,896.646821814",,"7.75%",,"5.785","157"
"2022","BK75","Bedford","1,231,329.17837943",,"13.20%",,"7.996","13"
"2022","BK76","Greenpoint","165,436.339760939",,"6.62%",,"6.18175","142"
"2022","BK77","Bushwick North","447,788.11279023",,"14.05%",,"7.38275","38"
"2022","BK78","Bushwick South","-1,990,815.05831657",,"15.34%",,"5.70425","160"
"2022","BK79","Ocean Hill","-2,689,494.64165599",,"13.95%",,"4.858","180"
"2022","BK81","Brownsville","-424,810.550769591",,"24.05%",,"7.6","26"
"2022","BK82","East New York","-2,043,901.74050393",,"15.08%",,"5.7465","159"
"2022","BK83","Cypress Hills-City Line","-1,180,917.65309102",,"12.17%",,"5.66775","164"
"2022","BK85","East New York (Pennsylvania Ave)","-177,662.290168144",,"20.62%",,"7.3465","39"
"2022","BK88","Borough Park","1,336,099.81797921",,"8.27%",,"7.63875","23"
"2022","BK90","East Williamsburg","455,550.009056732",,"10.08%",,"6.93875","59"
"2022","BK91","East Flatbush-Farragut","-787,716.131927006",,"11.55%",,"6.196","140"
"2022","BK93","Starrett City","84,749.3696835111",,"13.42%",,"6.9195","61"
"2022","BK95","Erasmus","-524,331.897871029",,"12.18%",,"6.1205","145"
"2022","BK96","Rugby-Remsen Village","-2,061,965.08535429",,"13.51%",,"5.1685","177"
"2022","BK99","park-cemetery-etc-Brooklyn","-291,623.33150432",,"12.63%",,,
"2022","BX01","Claremont-Bathgate","-229,308.235076482",,"22.06%",,"7.473","32"
"2022","BX03","Eastchester-Edenwald-Baychester","-265,882.653822833",,"13.98%",,"6.71475","77"
"2022","BX05","Bedford Park-Fordham North","1,655,238.03792728",,"18.88%",,"8.6935","1"
"2022","BX06","Belmont","-130,393.247937149",,"18.80%",,"7.0165","54"
"2022","BX07","Bronxdale","1,212,206.10097383",,"16.56%",,"7.8635","15"
"2022","BX08","West Farms-Bronx River","1,145,474.43618893",,"16.07%",,"7.7655","18"
"2022","BX09","Soundview-Castle Hill-Clason Point-Harding Park","1,055,949.00404383",,"16.17%",,"7.99725","12"
"2022","BX10","Pelham Bay-Country Club-City Island","638,103.626753764",,"8.11%",,"6.67175","83"
"2022","BX13","Co-op City","697,610.81923777",,"12.97%",,"7.146","46"
"2022","BX14","East Concourse-Concourse Village","-385,128.491932946",,"16.23%",,"6.8895","62"
"2022","BX17","East Tremont","1,243,791.74657443",,"22.55%",,"8.69","2"
"2022","BX22","North Riverdale-Fieldston-Riverdale","581,081.095255975",,"7.98%",,"6.61925","86"
"2022","BX26","Highbridge","483,029.703389497",,"16.74%",,"7.63825","24"
"2022","BX27","Hunts Point","-1,173,088.58805744",,"14.85%",,"6.10225","148"
"2022","BX28","Van Cortlandt Village","1,201,659.70118336",,"15.80%",,"8.07075","7"
"2022","BX29","Spuyten Duyvil-Kingsbridge","578,414.606038428",,"8.31%",,"6.64725","84"
"2022","BX30","Kingsbridge Heights","660,199.228487912",,"16.84%",,"7.54025","30"
"2022","BX31","Allerton-Pelham Gardens","277,453.224373212",,"11.25%",,"6.88275","64"
"2022","BX33","Longwood","-1,045,830.35331095",,"16.63%",,"6.35875","121"
"2022","BX34","Melrose South-Mott Haven North","-2,226,978.13047249",,"17.51%",,"5.635","167"
"2022","BX35","Morrisania-Melrose","-2,671,635.0543957",,"16.34%",,"5.122","178"
"2022","BX36","University Heights-Morris Heights","1,647,142.40960557",,"17.10%",,"8.661","3"
"2022","BX37","Van Nest-Morris Park-Westchester Square","26,385.9515674692",,"14.94%",,"6.796","69"
"2022","BX39","Mott Haven-Port Morris","-506,118.835486427",,"17.76%",,"7.068","49"
"2022","BX40","Fordham South","1,052,945.98659553",,"20.21%",,"8.05925","8"
"2022","BX41","Mount Hope","827,701.564164053",,"16.78%",,"7.74675","20"
"2022","BX43","Norwood","384,367.72857821",,"17.09%",,"7.437","35"
"2022","BX44","Williamsbridge-Olinville","-1,193,195.32462944",,"17.55%",,"6.4445","111"
"2022","BX46","Parkchester","562,789.731210735",,"14.13%",,"7.132","47"
"2022","BX49","Pelham Parkway","413,533.282912547",,"13.84%",,"6.9955","56"
"2022","BX52","Schuylerville-Throgs Neck-Edgewater Park","1,030,098.67519794",,"11.24%",,"7.25975","41"
"2022","BX55","Soundview-Bruckner","1,169,204.54295063",,"18.19%",,"8.19175","6"
"2022","BX59","Westchester-Unionport","118,182.103329727",,"16.90%",,"7.0235","53"
"2022","BX62","Woodlawn-Wakefield","-1,198,587.49575814",,"12.30%",,"5.64","165"
"2022","BX63","West Concourse","116,113.895863443",,"15.41%",,"6.9985","55"
"2022","BX75","Crotona Park East","-49,151.6185716083",,"15.84%",,"7.04025","51"
"2022","BX98","Rikers Island","0",,"18.33%",,,
"2022","BX99","park-cemetery-etc-Bronx","-478,144.502322591",,"8.07%",,,
"2022","MN01","Marble Hill-Inwood","507,466.741115245",,"12.81%",,"7.309","40"
"2022","MN03","Central Harlem North-Polo Grounds","1,089,090.38048577",,"15.05%",,"8.05375","9"
"2022","MN04","Hamilton Heights","671,914.138927497",,"11.02%",,"7.2395","43"
"2022","MN06","Manhattanville","412,448.18769039",,"10.88%",,"6.74525","72"
"2022","MN09","Morningside Heights","53,308.8239658992",,"7.52%",,"6.45575","110"
"2022","MN11","Central Harlem South","-276,850.814422064",,"9.35%",,"6.33975","125"
"2022","MN12","Upper West Side","1,120,706.06809286",,"5.67%",,"7.22525","44"
"2022","MN13","Hudson Yards-Chelsea-Flat Iron-Union Square","-330,459.267225563",,"6.05%",,"5.87175","156"
"2022","MN14","Lincoln Square","994,858.267343575",,"4.55%",,"6.797","68"
"2022","MN15","Clinton","803,639.725773481",,"6.53%",,"6.69275","81"
"2022","MN17","Midtown-Midtown South","-580,330.596458341",,"5.60%",,"5.515","170"
"2022","MN19","Turtle Bay-East Midtown","681,398.411327696",,"3.39%",,"6.523","101"
"2022","MN20","Murray Hill-Kips Bay","444,437.582433903",,"5.16%",,"6.313","129"
"2022","MN21","Gramercy","344,112.656006435",,"6.04%",,"6.26575","133"
"2022","MN22","East Village","603,556.505380604",,"6.97%",,"6.5755","95"
"2022","MN23","West Village","447,942.332523759",,"4.93%",,"6.326","128"
"2022","MN24","SoHo-TriBeCa-Civic Center-Little Italy","531,614.948537112",,"4.93%",,"6.376","119"
"2022","MN25","Battery Park City-Lower Manhattan","259,228.007273611",,"4.18%",,"6.145","144"
"2022","MN27","Chinatown","1,013,485.8354984",,"10.82%",,"7.462","33"
"2022","MN28","Lower East Side","1,172,850.70366688",,"10.85%",,"7.6955","21"
"2022","MN31","Lenox Hill-Roosevelt Island","462,855.929061598",,"3.74%",,"6.472","108"
"2022","MN32","Yorkville","887,031.428262576",,"3.99%",,"6.793","70"
"2022","MN33","East Harlem South","1,321,687.56169761",,"13.74%",,"8.03675","11"
"2022","MN34","East Harlem North","645,055.069465691",,"14.20%",,"7.594","27"
"2022","MN35","Washington Heights North","478,226.512397832",,"12.95%",,"7.40425","36"
"2022","MN36","Washington Heights South","679,630.519218464",,"14.05%",,"7.747","19"
"2022","MN40","Upper East Side-Carnegie Hill","445,831.706832146",,"3.40%",,"6.417","115"
"2022","MN50","Stuyvesant Town-Cooper Village","-213,391.964001695",,"4.09%",,"5.767","158"
"2022","MN99","park-cemetery-etc-Manhattan","-298,260.234003348",,"30.64%",,,
"2022","QN01","South Jamaica","-3,113,372.52472361",,"21.21%",,"4.95925","179"
"2022","QN02","Springfield Gardens North","-1,415,240.21434623",,"12.53%",,"5.45725","173"
"2022","QN03","Springfield Gardens South-Brookville","-461,563.493001896",,"13.53%",,"6.271","132"
"2022","QN05","Rosedale","124,278.380252643",,"10.73%",,"6.488","104"
"2022","QN06","Jamaica Estates-Holliswood","222,896.48091228",,"11.08%",,"6.60175","88"
"2022","QN07","Hollis","-838,776.203301132",,"15.07%",,"6.1205","145"
"2022","QN08","St. Albans","-3,189,956.15291018",,"14.19%",,"4.32125","184"
"2022","QN10","Breezy Point-Belle Harbor-Rockaway Park-Broad Channel","651,143.692461665",,"9.00%",,"6.986","57"
"2022","QN12","Hammels-Arverne-Edgemere","990,797.007053637",,"15.78%",,"7.674","22"
"2022","QN15","Far Rockaway-Bayswater","5,183.24092695978",,"12.44%",,"6.94825","58"
"2022","QN17","Forest Hills","-52,721.8050735206",,"6.88%",,"6.2475","135"
"2022","QN18","Rego Park","62,147.1893146202",,"8.04%",,"6.2255","136"
"2022","QN19","Glendale","184,177.434115377",,"9.09%",,"6.411","116"
"2022","QN20","Ridgewood","-249,106.433251107",,"10.26%",,"6.37675","118"
"2022","QN21","Middle Village","31,378.6394560062",,"9.22%",,"6.34025","124"
"2022","QN22","Flushing","-7,441,650.69841794",,"9.18%",,"1.57075","188"
"2022","QN23","College Point","235,604.173980924",,"10.09%",,"6.52875","100"
"2022","QN25","Corona","1,262,966.71965218",,"10.78%",,"8.04525","10"
"2022","QN26","North Corona","117,637.51194642",,"11.74%",,"7.25375","42"
"2022","QN27","East Elmhurst","-524,758.942516348",,"12.38%",,"6.426","114"
"2022","QN28","Jackson Heights","1,388,161.97596081",,"9.65%",,"8.558","4"
"2022","QN29","Elmhurst","1,204,897.38769961",,"10.23%",,"7.941","14"
"2022","QN30","Maspeth","584,903.140946587",,"9.18%",,"6.72075","76"
"2022","QN31","Hunters Point-Sunnyside-West Maspeth","-2,063,220.16359255",,"7.21%",,"4.74475","182"
"2022","QN33","Cambria Heights","-1,069,357.14002873",,"11.58%",,"5.63575","166"
"2022","QN34","Queens Village","-2,164,231.37669463",,"15.27%",,"5.385","176"
"2022","QN35","Briarwood-Jamaica Hills","-329,161.294559037",,"12.73%",,"6.57875","93"
"2022","QN37","Kew Gardens Hills","-914,621.21137103",,"9.67%",,"5.63375","168"
"2022","QN38","Pomonok-Flushing Heights-Hillcrest","156,642.324494385",,"14.83%",,"6.8835","63"
"2022","QN41","Fresh Meadows-Utopia","478,296",,"10.91%",,"6.782","71"
"2022","QN42","Oakland Gardens","519,887.931354899",,"8.35%",,"6.60175","88"
"2022","QN43","Bellerose","331,280.698980118",,"8.87%",,"6.4985","103"
"2022","QN44","Glen Oaks-Floral Park-New Hyde Park","416,648.772880504",,"9.10%",,"6.58075","92"
"2022","QN45","Douglas Manor-Douglaston-Little Neck","257,040.866989531",,"8.27%",,"6.38475","117"
"2022","QN46","Bayside-Bayside Hills","730,462.532572621",,"8.73%",,"6.83825","67"
"2022","QN47","Ft. Totten-Bay Terrace-Clearview","393,222.524042016",,"7.74%",,"6.44425","112"
"2022","QN48","Auburndale","388,655.08",,"9.37%",,"6.5755","94"
"2022","QN49","Whitestone","544,194.56",,"8.45%",,"6.67475","82"
"2022","QN50","Elmhurst-Maspeth","322,459.430523087",,"9.02%",,"6.50375","102"
"2022","QN51","Murray Hill","-3,105,687.07074551",,"9.19%",,"4.06375","185"
"2022","QN52","East Flushing","-1,942,028.99362477",,"9.68%",,"4.82575","181"
"2022","QN53","Woodhaven","-703,426.832530693",,"12.23%",,"6.375","120"
"2022","QN54","Richmond Hill","-4,762,053.19539485",,"13.02%",,"3.35525","186"
"2022","QN55","South Ozone Park","485,856.791435838",,"15.02%",,"7.542","29"
"2022","QN56","Ozone Park","268,629.024946744",,"12.23%",,"6.733","73"
"2022","QN57","Lindenwood-Howard Beach","562,637.091128336",,"10.76%",,"6.8415","66"
"2022","QN60","Kew Gardens","-575,125.354647464",,"8.02%",,"5.95175","153"
"2022","QN61","Jamaica","-2,137,358.02969702",,"15.25%",,"5.4915","171"
"2022","QN62","Queensboro Hill","241,188.404180193",,"10.87%",,"6.59825","91"
"2022","QN63","Woodside","789,088.394880441",,"9.61%",,"7.0255","52"
"2022","QN66","Laurelton","-1,032,200.40891113",,"11.10%",,"5.6235","169"
"2022","QN68","Queensbridge-Ravenswood-Long Island City","-2,135,469.15948454",,"16.07%",,"5.4495","174"
"2022","QN70","Astoria","1,406,528.45608302",,"9.22%",,"7.50025","31"
"2022","QN71","Old Astoria","493,941.776190689",,"9.97%",,"6.72425","75"
"2022","QN72","Steinway","922,308.631070327",,"8.20%",,"6.9295","60"
"2022","QN76","Baisley Park","-1,377,497.33009831",,"14.75%",,"5.7025","161"
"2022","QN98","Airport","-313,390.876808584",,"0.00%",,,
"2022","QN99","park-cemetery-etc-Queens","-245,601.524145639",,"37.44%",,,
"2022","SI01","Annadale-Huguenot-Prince's Bay-Eltingville","211,492.952114573",,"7.43%",,"6.278","131"
"2022","SI05","New Springville-Bloomfield-Travis","650,673.21695964",,"8.60%",,"6.72775","74"
"2022","SI07","Westerleigh","243,872.552840804",,"8.86%",,"6.42675","113"
"2022","SI08","Grymes Hill-Clifton-Fox Hills","-626,960.342310539",,"10.61%",,"5.9105","154"
"2022","SI11","Charleston-Richmond Valley-Tottenville","267,789.940656909",,"7.67%",,"6.341","123"
"2022","SI12","Mariner's Harbor-Arlington-Port Ivory-Graniteville","32,144.6907310678",,"9.51%",,"6.32875","127"
"2022","SI14","Grasmere-Arrochar-Ft. Wadsworth","156,799.028462075",,"10.14%",,"6.46525","109"
"2022","SI22","West New Brighton-New Brighton-St. George","-40,205.3158188036",,"10.74%",,"6.601","90"
"2022","SI24","Todt Hill-Emerson Hill-Heartland Village-Lighthouse Hill","-37,121.2010832104",,"8.28%",,"6.16775","143"
"2022","SI25","Oakwood-Oakwood Beach","381,944.515000313",,"9.35%",,"6.57375","96"
"2022","SI28","Port Richmond","-837,238.001777122",,"9.94%",,"5.6865","162"
"2022","SI32","Rossville-Woodrow","234,587.17052078",,"7.03%",,"6.25875","134"
"2022","SI35","New Brighton-Silver Lake","219,884.067807149",,"8.03%",,"6.33575","126"
"2022","SI36","Old Town-Dongan Hills-South Beach","374,571.048863721",,"9.29%",,"6.5685","97"
"2022","SI37","Stapleton-Rosebank","-1,157,937.71037517",,"10.06%",,"5.68225","163"
"2022","SI45","New Dorp-Midland Beach","425,146.864108751",,"8.53%",,"6.53875","99"
"2022","SI48","Arden Heights","376,259.52",,"8.33%",,"6.481","106"
"2022","SI54","Great Kills","489,628.074508404",,"8.89%",,"6.62625","85"
"2022","SI99","park-cemetery-etc-Staten Island","0",,"0.00%",,,
