nta2020,ntaname,geoid,geometry,Supply Gap (lbs.),Food Insecure Percentage,Unemployment Rate,Vulnerable Population Score,Weighted Score,Rank,pantry_count,TotalPop,Food Insecure Population
BK0101,Greenpoint,36047056301,POINT (998241.9574088433 205056.93764567457),1153881.91747087,15.74,741.51%,0.36,6.81171414263,44.0,1,25431.0,4002.8394000000003
BK0102,Williamsburg,36047051300,POINT (995721.0164833779 199741.71509407158),1011421.07761282,16.48,694.02%,0.38,6.32693035939,75.0,1,52985.0,8731.928
BK0103,South Williamsburg,36047050900,POINT (996267.1178804908 195489.48591761288),2090950.72621075,27.58,967.98%,0.6,8.03364938223,5.0,1,34945.0,9637.831
BK0104,East Williamsburg,36047048900,POINT (1001857.1708558884 199157.09185645176),1224484.03196005,21.34,739.65%,0.42,6.83298362622,43.0,1,40952.0,8739.1568
BK0201,Brooklyn Heights,36047000301,POINT (985683.5935392772 192653.28067751398),322651.410235809,10.05,407.41%,0.44,5.63712513481,139.0,0,23839.0,2395.8195
BK0202,Downtown Brooklyn-DUMBO-Boerum Hill,36047001502,POINT (988179.2608607967 192447.37492100612),-105866.86783078,15.69,563.38%,0.41,5.02644977771,166.0,3,22439.0,3520.6791
BK0203,Fort Greene,36047003101,POINT (991360.0350242293 191089.0500837166),321893.943856061,17.64,774.07%,0.4,6.03664581724,102.0,2,25783.0,4548.1212
BK0204,Clinton Hill,36047019700,POINT (994105.5696778017 190299.1269950858),35166.374775185,13.5,749.54%,0.38,5.77126226664,129.0,2,26614.0,3592.8900000000003
BK0301,Bedford-Stuyvesant (West),36047022700,POINT (997838.5445223177 190285.66162407116),871913.37333999,20.74,771.07%,0.43,5.97941221554,111.0,12,75408.0,15639.619199999997
BK0302,Bedford-Stuyvesant (East),36047027300,POINT (1003166.6230188978 189438.37336189393),-2502670.87833059,19.31,863.93%,0.42,1.8805616494,195.0,5,81756.0,15787.0836
BK0401,Bushwick (West),36047038900,POINT (1004970.648951309 194677.07482141015),790970.28988936,19.6,791.51%,0.39,6.4093061596,66.0,1,57671.0,11303.516
BK0402,Bushwick (East),36047039900,POINT (1008386.1211605666 191127.52674782518),-40369.7071064101,20.19,788.13%,0.43,5.23432371661,157.0,5,62243.0,12566.861700000001
BK0501,Cypress Hills,36047114202,POINT (1016960.9336160948 187964.25769053516),-1502252.40556435,17.01,675.33%,0.55,3.57070339261,184.0,2,39382.0,6698.878200000001
BK0502,East New York (North),36047113400,POINT (1014906.6449821487 184300.08653698475),-2063224.47525637,20.75,861.27%,0.53,2.90555823372,188.0,12,39351.0,8165.3324999999995
BK0503,East New York-New Lots,36047107800,POINT (1015311.461084292 179652.81243996113),-506273.12917545,20.46,1166.11%,0.51,5.11041174894,162.0,6,49992.0,10228.3632
BK0504,Spring Creek-Starrett City,36047105801,POINT (1018549.2828197737 176479.90410356276),170505.968828928,24.42,881.62%,0.55,6.07700627909,97.0,3,12819.0,3130.3998
BK0505,East New York-City Line,36047119000,POINT (1021394.9082210516 183600.6242398053),-2231394.17576234,18.01,633.56%,0.52,2.45259679455,191.0,1,33367.0,6009.3967
BK0601,Carroll Gardens-Cobble Hill-Gowanus-Red Hook,36047004500,POINT (984231.8386405363 186334.52274406838),488191.29092672,15.41,705.82%,0.44,5.7297058345,133.0,5,51973.0,8009.0393
BK0602,Park Slope,36047012902,POINT (989864.5981367814 184043.2572240331),738769.373497199,10.44,483.66%,0.42,6.02846731289,104.0,3,55521.0,5796.3924
BK0701,Windsor Terrace-South Slope,36047014902,POINT (989792.4714935749 178291.65503545152),702411.363228388,13.74,686.21%,0.45,6.34954317722,71.0,0,14073.0,1933.6301999999998
BK0702,Sunset Park (West),36047002000,POINT (981443.2124097298 177353.44419826558),808625.08857096,18.01,547.45%,0.57,6.28290676388,80.0,2,53729.0,9676.5929
BK0703,Sunset Park (Central),36047008800,POINT (982063.0922078507 173316.32404729282),1305476.96006984,21.66,756.17%,0.76,7.18786325265,27.0,2,36928.0,7998.604800000001
BK0801,Prospect Heights,36047016100,POINT (993244.6476554305 186147.6615153517),159697.329253079,11.62,458.26%,0.41,5.69270335401,135.0,1,20469.0,2378.4978
BK0802,Crown Heights (North),36047030700,POINT (1000367.4300522421 184788.69521603742),-23547.3246267601,18.85,864.64%,0.42,5.07894805152,163.0,6,66962.0,12622.337
BK0901,Crown Heights (South),36047031900,POINT (999227.9487795543 182194.6748304885),420912.89050075,18.86,918.07%,0.5,5.85873577913,125.0,8,42088.0,7937.796799999999
BK0902,Prospect Lefferts Gardens-Wingate,36047032900,POINT (998688.0156249201 179648.06471126233),-238489.9939784,16.04,689.97%,0.47,5.14947423964,160.0,3,46470.0,7453.788
BK1001,Bay Ridge,36047003000,POINT (975942.570895591 167590.95736964865),2207304.26225789,15.93,667.57%,0.52,7.69829540105,13.0,3,84473.0,13456.5489
BK1002,Dyker Heights,36047012000,POINT (981239.4224002244 166603.12331488152),1173132.89759046,17.61,708.69%,0.61,6.79900641012,46.0,0,45845.0,8073.3045
BK1101,Bensonhurst,36047018200,POINT (986119.8482166848 162705.31429447918),2856339.12280089,18.7,724.67%,0.66,8.48450301029,3.0,5,100608.0,18813.696
BK1102,Bath Beach,36047017000,POINT (982172.2972905386 159424.74660829),942381.436912158,16.3,458.85%,0.61,6.33998068255,72.0,0,33072.0,5390.736
BK1103,Gravesend (West),36047029600,POINT (988211.7912295547 157615.1152423154),1604463.67110222,19.4,907.52%,0.63,7.36904835747,20.0,2,55707.0,10807.158
BK1201,Sunset Park (East)-Borough Park (West),36047009002,POINT (984419.8747229556 172746.8800284703),1197562.98786803,22.14,940.64%,0.73,7.32859709815,23.0,0,18009.0,3987.1926000000003
BK1202,Borough Park,36047019200,POINT (987151.8860928704 169872.0284352729),2177846.46289592,22.77,802.59%,0.64,7.350341925,21.0,2,84354.0,19207.4058
BK1203,Kensington,36047048400,POINT (990896.3303797432 172860.28098301147),179414.48612416,15.3,501.13%,0.51,5.35263331257,153.0,3,37361.0,5716.233
BK1204,Mapleton-Midwood (West),36047024400,POINT (991657.3065615274 164911.89235039504),451455.520860002,16.87,564.74%,0.61,5.7316081227,132.0,1,39096.0,6595.4952
BK1301,Gravesend (South),36047030600,POINT (990371.5778507651 153493.55004532082),-852284.5597621,19.39,777.98%,0.61,4.34171541474,180.0,1,22629.0,4387.7631
BK1302,Coney Island-Sea Gate,36047032600,POINT (987592.9402083197 149480.8712914796),1846332.33955989,25.94,1255.40%,0.62,8.01668725374,7.0,3,44950.0,11660.03
BK1303,Brighton Beach,36047036001,POINT (995168.6008550077 150251.7177277702),960517.03151223,22.27,509.72%,0.72,6.56392284567,58.0,3,29349.0,6536.0223000000005
BK1401,Flatbush,36047050801,POINT (996353.4299362036 172691.3255609458),597003.07697042,15.16,531.62%,0.49,5.92647907238,117.0,6,60173.0,9122.2268
BK1402,Flatbush (West)-Ditmas Park-Parkville,36047046000,POINT (993633.8212255494 171181.8652525437),-704873.87763811,16.52,623.87%,0.57,4.3192348345,181.0,5,44191.0,7300.3532
BK1403,Midwood,36047053000,POINT (996577.9391261471 165296.67243265104),1141027.8973394,17.83,554.08%,0.6,6.45979463106,63.0,0,49140.0,8761.661999999998
BK1501,Gravesend (East)-Homecrest,36047038800,POINT (993728.1361312963 157539.8943681128),1577147.81567521,18.32,806.11%,0.59,7.27397856049,24.0,1,51219.0,9383.3208
BK1502,Madison,36047054800,POINT (998651.5086700899 159666.94561411807),910007.411086672,16.34,538.03%,0.59,6.29220932244,79.0,1,40527.0,6622.1118
BK1503,Sheepshead Bay-Manhattan Beach-Gerritsen Beach,36047057000,POINT (1000496.8594967268 153614.7487204837),1804791.86975866,15.53,538.41%,0.58,7.47224281977,19.0,1,56514.0,8776.6242
BK1601,Ocean Hill,36047030300,POINT (1008202.2683645475 185805.42670117295),-2283447.2240249,20.09,831.51%,0.46,2.64299034109,189.0,8,33142.0,6658.2278
BK1602,Brownsville,36047089400,POINT (1009351.2161797946 181219.57969042016),478463.71579005,27.97,1395.84%,0.52,6.25906008173,81.0,7,58455.0,16349.8635
BK1701,East Flatbush-Erasmus,36047079002,POINT (998086.3153803328 175564.94685314066),-258687.52758611,15.51,818.86%,0.48,5.29301003879,156.0,8,37809.0,5864.175899999999
BK1702,East Flatbush-Farragut,36047078000,POINT (1001557.8555173359 172140.7467472599),-311007.767624975,13.38,966.12%,0.56,5.52621102944,148.0,5,31755.0,4248.819
BK1703,East Flatbush-Rugby,36047081400,POINT (1003742.4996093765 176660.1695337742),-985286.68582102,14.25,863.97%,0.54,4.51252755833,177.0,9,38375.0,5468.437499999999
BK1704,East Flatbush-Remsen Village,36047088200,POINT (1006677.6121488758 178363.8898296959),-979114.69227613,18.82,1183.02%,0.54,4.73390906028,174.0,6,38455.0,7237.231000000001
BK1801,Flatlands,36047065000,POINT (1003654.1047309061 167452.83375456827),-2330039.34529109,12.64,792.73%,0.52,2.34484180104,192.0,8,72552.0,9170.572800000002
BK1802,Marine Park-Mill Basin-Bergen Beach,36047063600,POINT (1006866.8589598327 163339.07770350503),-200353.596394514,9.83,386.15%,0.54,4.831323691,170.0,1,45457.0,4468.4231
BK1803,Canarsie,36047095000,POINT (1011597.6709805155 172225.25490056534),-3437224.58032827,12.2,755.21%,0.52,1.78848947571,196.0,4,81814.0,9981.307999999999
BX0101,Mott Haven-Port Morris,36005002300,POINT (1007160.0212810979 233490.86207328367),611663.47133657,32.65,1442.92%,0.53,6.32951890259,74.0,7,52295.0,17074.3175
BX0102,Melrose,36005006500,POINT (1008372.1417457126 237403.19139001885),-1183933.94646053,30.77,1521.43%,0.51,4.47628077367,178.0,7,41722.0,12837.8594
BX0201,Hunts Point,36005011702,POINT (1016090.7231478275 234716.08674032046),-405519.218561253,27.03,1183.40%,0.56,5.66840365896,136.0,2,8004.0,2163.4811999999997
BX0202,Longwood,36005008700,POINT (1012880.0577675204 238394.81816058204),-797194.90866576,29.78,1472.33%,0.55,4.94789207872,167.0,6,38395.0,11434.031
BX0301,Morrisania,36005013300,POINT (1010612.7371638357 240697.27135534806),-2098856.93601668,29.98,1540.20%,0.51,3.43217077436,185.0,4,26353.0,7900.629400000001
BX0302,Claremont Village-Claremont (East),36005014702,POINT (1010942.5162990158 244443.70442055265),32152.70121665,33.36,1423.32%,0.5,6.22782931459,84.0,2,24886.0,8301.9696
BX0303,Crotona Park East,36005012101,POINT (1015050.9114505938 242467.3798009255),-333492.64867191,27.24,1308.90%,0.55,5.62879423578,141.0,3,27546.0,7503.5304
BX0401,Concourse-Concourse Village,36005017500,POINT (1005912.9229922534 240493.29620693304),-102142.62426294,26.29,1053.82%,0.57,5.13309591628,161.0,3,62270.0,16370.782999999998
BX0402,Highbridge,36005018900,POINT (1004238.8413449641 244175.26513096597),839986.799227597,25.85,845.52%,0.52,6.60961794332,56.0,5,31902.0,8246.667
BX0403,Mount Eden-Claremont (West),36005017902,POINT (1007927.4015754139 245498.38091074978),1696696.57636403,27.78,1371.32%,0.6,7.9513129831,9.0,3,49487.0,13747.488599999999
BX0501,University Heights (South)-Morris Heights,36005021501,POINT (1007454.0785037057 249641.55559501148),1967725.99158661,28.18,1167.44%,0.58,8.0248369809,6.0,3,52870.0,14898.766
BX0502,Mount Hope,36005023301,POINT (1010694.0551947891 248920.61311219883),922439.79933915,27.9,1444.53%,0.62,7.12218616838,30.0,4,46944.0,13097.375999999998
BX0503,Fordham Heights,36005023900,POINT (1012153.2117883952 252153.26137917713),623158.3915258,28.65,1378.09%,0.66,6.88989591775,39.0,3,27741.0,7947.7964999999995
BX0601,West Farms,36005035900,POINT (1017832.7519247258 245794.15958056552),954192.677655184,34.94,1809.21%,0.55,7.90384229505,10.0,2,19468.0,6802.1192
BX0602,Tremont,36005036501,POINT (1014198.2003299906 247852.66760051972),-113652.81465869,28.96,1214.11%,0.53,5.71196328534,134.0,3,30168.0,8736.6528
BX0603,Belmont,36005039100,POINT (1015494.0854427896 251747.0190530672),369930.98008093,30.58,1361.64%,0.57,6.40388300841,68.0,2,33577.0,10267.846599999999
BX0701,University Heights (North)-Fordham,36005025300,POINT (1010595.8312862337 254279.12041253687),538924.72967146,27.95,1607.34%,0.62,6.8491279006,42.0,2,43095.0,12045.052499999998
BX0702,Bedford Park,36005040302,POINT (1014452.8273692993 257559.02331812744),685490.71897698,25.64,1355.23%,0.61,6.72406102426,50.0,1,53842.0,13805.088800000001
BX0703,Norwood,36005041900,POINT (1017706.5548121486 258866.90204234343),330347.81439255,24.68,912.92%,0.59,6.00279582663,107.0,3,31900.0,7872.92
BX0801,Kingsbridge Heights-Van Cortlandt Village,36005026701,POINT (1012157.9197068547 259056.3253977388),1444845.00693503,22.53,1039.67%,0.59,7.63937179217,14.0,1,35271.0,7946.5563
BX0802,Kingsbridge-Marble Hill,36005028700,POINT (1010318.34045087 260205.50962465597),1149186.17394613,24.96,805.29%,0.55,7.10316863077,33.0,0,23608.0,5892.5568
BX0803,Riverdale-Spuyten Duyvil,36005030100,POINT (1009467.5835394077 265624.72078085353),1208992.72111143,12.22,553.17%,0.58,6.7181930024,51.0,1,44748.0,5468.2056
BX0901,Soundview-Bruckner-Bronx River,36005004400,POINT (1019335.8340814539 241553.6493665872),2780543.96088838,24.61,937.80%,0.62,8.780491261,2.0,4,71213.0,17525.5193
BX0902,Soundview-Clason Point,36005001600,POINT (1023249.8894874345 236637.90193842276),600555.36026617,24.24,1308.76%,0.52,6.74912936841,47.0,3,27379.0,6636.669599999999
BX0903,Castle Hill-Unionport,36005004001,POINT (1026126.6419939987 239712.5283780634),347937.7932147,21.53,875.87%,0.55,6.05232799733,99.0,3,37696.0,8115.948800000001
BX0904,Parkchester,36005021002,POINT (1023545.590265535 244522.8016113225),1083638.59857437,21.21,1080.84%,0.55,7.0713162223,34.0,4,30584.0,6486.8664
BX1001,Westchester Square,36005020200,POINT (1026879.7620431174 244506.3585735429),-89959.744097822,21.31,670.60%,0.57,5.33884183574,155.0,1,15371.0,3275.5600999999997
BX1002,Throgs Neck-Schuylerville,36005013000,POINT (1033900.0380648838 240089.73486935353),1379134.20466646,16.59,746.25%,0.47,6.98213524405,37.0,1,48326.0,8017.283399999999
BX1003,Pelham Bay-Country Club-City Island,36005026601,POINT (1036392.6922589268 247405.50757931478),1022815.339499,17.73,820.67%,0.54,6.8081756539,45.0,0,23059.0,4088.3607
BX1004,Co-op City,36005046204,POINT (1032296.6909824453 257132.24279368247),779628.418676589,13.86,647.90%,0.52,6.303762079,77.0,2,0.0,0.0
BX1101,Pelham Parkway-Van Nest,36005022404,POINT (1021608.9846556678 248217.96011518632),1090394.88704868,20.67,1014.34%,0.52,7.04081411301,36.0,1,31415.0,6493.480500000001
BX1102,Morris Park,36005024400,POINT (1025280.6014068318 249643.19252612785),483336.881360278,16.86,731.13%,0.52,6.09602750365,95.0,0,23704.0,3996.4944
BX1103,Pelham Gardens,36005031200,POINT (1026654.5810417819 254183.08589986985),349977.074157966,13.68,707.02%,0.53,6.12151529149,91.0,2,31442.0,4301.2656
BX1104,Allerton,36005032400,POINT (1021811.0397884706 254090.51228928793),1583720.86586766,23.54,1068.36%,0.58,7.83632189283,12.0,0,27953.0,6580.1362
BX1201,Williamsbridge-Olinville,36005033602,POINT (1022763.551895637 260286.45728848377),401560.88541765,20.26,960.85%,0.56,6.02041669769,106.0,5,53947.0,10929.6622
BX1202,Eastchester-Edenwald-Baychester,36005038600,POINT (1029442.62745787 260489.34125400754),-113911.46111921,16.96,983.48%,0.55,5.54066298083,146.0,5,37852.0,6419.6992
BX1203,Wakefield-Woodlawn,36005042000,POINT (1024622.0551441346 266467.5817457521),707055.00738691,16.59,909.85%,0.54,6.55528445854,59.0,1,46930.0,7785.687
MN0101,Financial District-Battery Park City,36061001502,POINT (981415.4318574915 197249.27829649512),497711.076648413,11.08,350.45%,0.34,5.62931347775,140.0,0,44436.0,4923.5088
MN0102,Tribeca-Civic Center,36061002100,POINT (982244.9579146124 200610.5988255175),341239.983171704,9.67,265.50%,0.4,5.81368748784,127.0,0,19629.0,1898.1243
MN0201,SoHo-Little Italy-Hudson Square,36061004100,POINT (983773.6217014334 202880.1281520987),436692.290999102,14.18,370.48%,0.4,5.92605839953,118.0,0,22583.0,3202.2694
MN0202,Greenwich Village,36061005501,POINT (985446.0674452787 205483.2843761342),519331.168772581,11.64,574.42%,0.38,6.21272153495,87.0,1,33154.0,3859.1256000000003
MN0203,West Village,36061006700,POINT (982616.9113430674 206987.5513809185),605981.189659805,13.57,741.45%,0.37,6.22559569875,85.0,3,33465.0,4541.200500000001
MN0301,Chinatown-Two Bridges,36061001600,POINT (986006.6777130242 198990.10672632256),1799039.12939831,26.2,1084.16%,0.6,7.9962386562,8.0,0,38840.0,10176.08
MN0302,Lower East Side,36061001401,POINT (988730.5396729169 200483.41413156493),740167.495815,20.96,647.31%,0.47,6.19497157586,90.0,5,47830.0,10025.168
MN0303,East Village,36061002602,POINT (989213.9721030638 203763.8936385571),1537743.68842889,20.68,555.20%,0.36,6.8545335246,41.0,5,62303.0,12884.2604
MN0401,Chelsea-Hudson Yards,36061008100,POINT (983931.5766119758 212296.9738916549),723779.41204991,15.79,560.22%,0.38,5.87294023284,124.0,3,58445.0,9228.465499999998
MN0402,Hell's Kitchen,36061012101,POINT (986355.3281333765 217684.131016107),1230494.1809353,17.02,537.01%,0.41,6.53051108458,60.0,4,23119.0,3934.8538
MN0501,Midtown South-Flatiron-Union Square,36061005400,POINT (987089.8224227277 210351.21751825526),354582.409155647,14.7,600.83%,0.35,5.75952211194,130.0,3,24698.0,3630.6059999999998
MN0502,Midtown-Times Square,36061008200,POINT (989344.9095436943 215364.60651774745),144714.999478159,15.79,516.70%,0.48,5.46252733014,149.0,0,20933.0,3305.3206999999998
MN0601,Stuyvesant Town-Peter Cooper Village,36061006000,POINT (990740.2859603707 205897.0318462349),490267.23296912,14.67,420.81%,0.47,6.04240323304,101.0,0,21263.0,3119.2821
MN0602,Gramercy,36061006800,POINT (988669.1843174913 207722.03327835133),507842.027125365,12.41,303.30%,0.35,5.9568313992,112.0,0,27748.0,3443.5268
MN0603,Murray Hill-Kips Bay,36061007001,POINT (990914.7780852598 210427.6582730125),1043268.45251766,12.13,320.32%,0.4,6.23798572293,83.0,0,46093.0,5591.0809
MN0604,East Midtown-Turtle Bay,36061009200,POINT (992976.024805569 214758.03415863795),1000801.33361314,12.74,592.32%,0.51,6.52060697162,61.0,3,31057.0,3956.6618000000003
MN0701,Upper West Side-Lincoln Square,36061014900,POINT (988489.1472106186 221575.04279241912),1606997.59775469,14.05,613.09%,0.5,7.11106616983,32.0,1,32931.0,4626.8055
MN0702,Upper West Side (Central),36061016100,POINT (990914.1920101298 226259.28937695993),1012558.71411999,12.67,390.22%,0.51,5.95647683778,113.0,4,98669.0,12501.3623
MN0703,Upper West Side-Manhattan Valley,36061018700,POINT (993301.8713133023 230465.78446732712),1413774.98920573,17.95,749.39%,0.5,7.20725444368,26.0,2,52789.0,9475.6255
MN0801,Upper East Side-Lenox Hill-Roosevelt Island,36061011800,POINT (996691.3748214843 217977.8158554717),1488620.7768,13.22,409.58%,0.53,6.73965047747,49.0,1,48780.0,6448.716
MN0802,Upper East Side-Carnegie Hill,36061011402,POINT (995003.3419695067 221533.95888700662),-267239.2548257,9.99,454.49%,0.57,4.77142011998,173.0,3,58161.0,5810.2839
MN0803,Upper East Side-Yorkville,36061013601,POINT (998462.4883081435 222480.9056590607),1066124.73854754,13.12,476.41%,0.46,6.20816130946,88.0,2,51258.0,6725.049599999999
MN0901,Morningside Heights,36061019900,POINT (994834.5730330172 234186.9028793851),183281.64306546,20.97,937.58%,0.47,5.9304253106,116.0,5,38346.0,8041.1562
MN0902,Manhattanville-West Harlem,36061021303,POINT (997031.5271029755 237308.21702264473),829256.969797046,26.32,1299.85%,0.46,7.23102977905,25.0,3,23895.0,6289.164
MN0903,Hamilton Heights-Sugar Hill,36061023100,POINT (998512.416657494 240587.06784461212),1282814.27284754,21.91,990.22%,0.49,7.18438251253,28.0,4,51981.0,11389.0371
MN1001,Harlem (South),36061018600,POINT (997732.3206067757 232320.53180428472),-605451.42757938,17.86,805.31%,0.41,4.70584743652,176.0,5,48993.0,8750.1498
MN1002,Harlem (North),36061020800,POINT (1000605.7974914439 237639.79462203235),1832379.14443154,24.06,1238.09%,0.47,7.57499910728,15.0,11,79949.0,19235.7294
MN1101,East Harlem (South),36061015802,POINT (999272.0612822673 227103.44313379706),1724240.69463585,25.33,981.20%,0.48,7.48968101927,17.0,3,58604.0,14844.393199999999
MN1102,East Harlem (North),36061018000,POINT (1001570.8687801851 231332.11235529088),527499.52610583,26.68,1055.74%,0.47,5.90883983576,121.0,8,64326.0,17162.176799999997
MN1201,Washington Heights (South),36061024301,POINT (1000426.6526878236 245646.3192125015),2673103.36007119,26.78,1417.65%,0.52,8.91946054013,1.0,3,83611.0,22391.025800000003
MN1202,Washington Heights (North),36061026500,POINT (1002659.2219425726 251320.67682370363),1478920.68303928,20.15,1196.63%,0.51,7.47395389484,18.0,2,80850.0,16291.275
MN1203,Inwood,36061029300,POINT (1006564.0643680623 254812.03746298538),-272014.49954441,20.37,826.18%,0.52,5.23350410541,158.0,4,42628.0,8683.323600000002
QN0101,Astoria (North)-Ditmars-Steinway,36081009500,POINT (1010490.0111682082 222521.86965730262),1638480.01862568,15.95,744.76%,0.42,7.3454974684,22.0,0,48680.0,7764.46
QN0102,Old Astoria-Hallets Point,36081007700,POINT (1003245.6042267713 220576.72585234465),285730.857931088,19.98,757.32%,0.49,5.94774867203,114.0,1,17581.0,3512.6838000000002
QN0103,Astoria (Central),36081005300,POINT (1005564.2233601243 217735.3235216695),1399350.54925385,16.07,647.96%,0.4,6.96580579427,38.0,0,48505.0,7794.753500000001
QN0104,Astoria (East)-Woodside (North),36081014300,POINT (1009096.3858383516 216016.88298672703),1005084.90302748,17.0,805.49%,0.5,6.70947426815,52.0,2,38773.0,6591.410000000001
QN0105,Queensbridge-Ravenswood-Dutch Kills,36081003100,POINT (1001445.1084780198 215558.6628903599),-3272725.07376078,21.01,847.32%,0.51,1.78837351738,197.0,4,23333.0,4902.2633000000005
QN0201,Long Island City-Hunters Point,36081000702,POINT (998406.998555547 210842.613709816),-16549.040149168,12.92,469.89%,0.47,5.44447032158,151.0,0,0.0,0.0
QN0202,Sunnyside,36081016900,POINT (1004633.6733080196 208310.60830963549),-105498.50887842,15.91,644.19%,0.58,5.343861523,154.0,3,41559.0,6612.0369
QN0203,Woodside,36081025100,POINT (1011569.4946332934 210024.90515846273),-363136.00671281,13.52,457.26%,0.71,4.726180592,175.0,2,48052.0,6496.630399999999
QN0301,Jackson Heights,36081027302,POINT (1015738.3446862802 214552.91238915868),2551351.0225222,17.64,885.63%,0.65,8.37089634861,4.0,3,74741.0,13184.3124
QN0302,East Elmhurst,36081035300,POINT (1019651.6675023506 217675.72860010105),-23285.418190612,14.51,596.99%,0.61,5.55546272087,143.0,4,29936.0,4343.7136
QN0303,North Corona,36081037700,POINT (1022247.7010251159 214028.1423955193),563174.7457449,16.79,436.78%,0.81,6.1044994324,94.0,5,18802.0,3156.8558
QN0401,Elmhurst,36081026700,POINT (1017750.285419723 208682.84855125035),2027995.53292438,15.7,540.26%,0.71,7.5117819559,16.0,5,79092.0,12417.444
QN0402,Corona,36081040101,POINT (1023242.4805698378 210090.6135862441),2024764.96870776,19.83,700.81%,0.75,7.90299060397,11.0,0,53440.0,10597.151999999998
QN0501,Maspeth,36081049301,POINT (1010548.7593895524 202721.69747696375),1065960.91762597,14.8,667.53%,0.56,6.66557289568,53.0,0,32313.0,4782.3240000000005
QN0502,Ridgewood,36081053902,POINT (1010953.0273740981 196386.82900920388),1531860.2259482,16.81,708.66%,0.51,7.05062426682,35.0,4,63543.0,10681.5783
QN0503,Glendale,36081056500,POINT (1018701.4033796624 195618.61344176327),433586.15995669,12.85,508.05%,0.52,5.75529526452,131.0,1,32982.0,4238.187
QN0504,Middle Village,36081065702,POINT (1018033.2793457673 201331.93724102215),-261754.513595689,12.3,424.94%,0.55,4.80325939682,171.0,1,29268.0,3599.9640000000004
QN0601,Rego Park,36081069300,POINT (1022106.2019180043 203893.45109368404),787641.811453798,15.73,584.01%,0.6,6.2957188288,78.0,0,28321.0,4454.8933
QN0602,Forest Hills,36081070700,POINT (1026472.5316195491 202158.39697501514),1029708.81093998,13.17,432.55%,0.55,6.08351365384,96.0,3,86168.0,11348.3256
QN0701,College Point,36081092500,POINT (1028590.561708414 224439.49219787316),919370.186085302,14.83,943.97%,0.66,6.86671945513,40.0,0,29870.0,4429.721
QN0702,Whitestone-Beechhurst,36081103300,POINT (1036617.1839418474 226561.17914049415),808755.543930184,13.26,871.11%,0.55,6.66190737136,54.0,0,27750.0,3679.65
QN0703,Bay Terrace-Clearview,36081099704,POINT (1043077.9000950907 224201.2717190099),617762.51874879,12.42,531.71%,0.57,6.11844453105,92.0,0,22455.0,2788.911
QN0704,Murray Hill-Broadway Flushing,36081088903,POINT (1036665.9470436391 219453.8385998819),1582986.12822155,15.71,521.41%,0.67,7.11643627565,31.0,2,42753.0,6716.496300000001
QN0705,East Flushing,36081084500,POINT (1037426.7637969491 213965.80659854578),442076.275743512,17.44,709.29%,0.71,5.98743248767,110.0,1,28337.0,4941.9728
QN0706,Queensboro Hill,36081079900,POINT (1034215.9509894267 210059.8545635795),517136.566352814,14.79,540.08%,0.75,6.02044782221,105.0,0,21755.0,3217.5645
QN0707,Flushing-Willets Point,36081079701,POINT (1030906.456544456 216287.61666089518),1500292.96137764,20.93,775.10%,0.77,7.13226432034,29.0,1,47596.0,9961.842799999999
QN0801,Kew Gardens Hills,36081077902,POINT (1034198.0780097147 204064.14076828948),-175960.45099861,13.9,616.41%,0.53,5.06749655273,164.0,3,35969.0,4999.691000000001
QN0802,Pomonok-Electchester-Hillcrest,36081122703,POINT (1038735.3342929162 204227.80073709748),414221.843428991,16.0,752.94%,0.52,5.9201536232,119.0,0,23028.0,3684.48
QN0803,Fresh Meadows-Utopia,36081122300,POINT (1043489.1601012911 207102.14201401587),515718.061356106,12.04,432.36%,0.57,5.90963328494,120.0,0,12052.0,1451.0608
QN0804,Jamaica Estates-Holliswood,36081046400,POINT (1045895.1082705692 201936.94773789262),481473.217384359,13.52,778.43%,0.58,6.40404761045,67.0,2,16367.0,2212.8183999999997
QN0805,Jamaica Hills-Briarwood,36081021400,POINT (1037241.2210042471 198693.82383727585),294414.83129535,16.87,980.54%,0.57,6.21729449573,86.0,0,38060.0,6420.722000000001
QN0901,Kew Gardens,36081014000,POINT (1031726.9839845444 197278.6104485329),346123.541401487,13.84,616.57%,0.5,5.83075857264,126.0,1,19519.0,2701.4296
QN0902,Richmond Hill,36081002400,POINT (1030621.9408509404 193430.33142447245),-2328995.19901469,14.32,602.99%,0.57,2.33964411502,193.0,3,35313.0,5056.8216
QN0903,South Richmond Hill,36081010800,POINT (1032817.2260475475 191194.67650587586),-107421.202173893,14.34,653.80%,0.6,5.54014285561,147.0,1,25880.0,3711.192
QN0904,Ozone Park (North),36081003200,POINT (1026027.1234859129 188717.158198095),-500408.053228031,16.15,694.89%,0.55,4.7872121749,172.0,1,25549.0,4126.1635
QN0905,Woodhaven,36081000200,POINT (1023791.8741969899 191231.7353280268),-2162.59609306999,14.2,743.98%,0.56,5.64258011658,138.0,0,42376.0,6017.392
QN1001,South Ozone Park,36081009400,POINT (1034311.6361484292 185685.43863647146),551136.10054515,14.03,969.60%,0.55,6.33243241887,73.0,4,84427.0,11845.108099999998
QN1002,Ozone Park,36081004002,POINT (1026685.6568695498 185442.05956333506),-6307.32930436102,13.32,595.16%,0.52,5.37700970925,152.0,1,23496.0,3129.6672000000003
QN1003,Howard Beach-Lindenwood,36081006202,POINT (1027520.0690640154 179783.9077779244),778373.528126481,12.96,831.63%,0.54,6.56652083606,57.0,1,20653.0,2676.6288000000004
QN1101,Auburndale,36081109900,POINT (1043537.6348413647 214509.13362257907),896800.029996218,12.17,569.18%,0.6,6.45403505636,64.0,0,35763.0,4352.3571
QN1102,Bayside,36081109300,POINT (1048631.232059712 216892.20012869255),920642.058503727,12.25,512.52%,0.54,6.39872885381,69.0,0,35448.0,4342.38
QN1103,Douglaston-Little Neck,36081150702,POINT (1057136.5225627602 217618.47382279328),493759.051208256,10.68,497.37%,0.54,5.93571103192,115.0,1,25762.0,2751.3815999999997
QN1104,Oakland Gardens-Hollis Hills,36081129104,POINT (1052260.6115548469 208720.84194285402),573885.310129969,10.57,455.58%,0.56,5.99553465326,109.0,0,24020.0,2538.914
QN1201,Jamaica,36081020400,POINT (1040927.6007176507 195836.68119264152),-2931908.86381,20.44,1016.54%,0.63,2.10934996483,194.0,9,54760.0,11192.944000000001
QN1202,South Jamaica,36081019400,POINT (1042003.6985672944 192299.60562196095),-2561516.49399059,16.03,1347.54%,0.55,2.93347275092,187.0,7,29888.0,4791.0464
QN1203,Baisley Park,36081018200,POINT (1042521.8775611573 186918.48350121645),-495528.11682838,12.33,905.33%,0.51,5.19353472917,159.0,6,37153.0,4580.9649
QN1204,Springfield Gardens (North)-Rochdale Village,36081033401,POINT (1047480.5704181688 184671.1819383282),-731641.08231932,13.37,838.09%,0.49,4.84827144364,169.0,3,17458.0,2334.1346
QN1205,St. Albans,36081035200,POINT (1050188.1028767226 191931.391559455),-2169555.78538276,7.84,442.70%,0.5,2.64210409404,190.0,10,52497.0,4115.7648
QN1206,Hollis,36081047802,POINT (1050199.7632109635 198717.56183509598),-701490.969869714,13.64,914.77%,0.53,5.0551067521,165.0,6,22547.0,3075.4107999999997
QN1301,Glen Oaks-Floral Park-New Hyde Park,36081155101,POINT (1064339.5336737444 211178.6982068088),552168.537574376,11.7,387.24%,0.62,5.89707362936,122.0,0,14602.0,1708.434
QN1302,Bellerose,36081161700,POINT (1059992.7181708396 207354.3410209712),680690.180248387,12.66,708.89%,0.57,6.34967568957,70.0,1,27349.0,3462.3833999999997
QN1303,Queens Village,36081049202,POINT (1055839.2013107247 200270.12487555516),-1364241.41008293,12.02,941.09%,0.54,4.06198747578,182.0,6,52747.0,6340.1894
QN1304,Cambria Heights,36081059000,POINT (1057582.2464692646 192354.55818248985),-795601.595177419,6.72,546.28%,0.54,4.4364655044,179.0,1,19516.0,1311.4751999999999
QN1305,Laurelton,36081032800,POINT (1055119.3105572462 185633.16298222428),-1208880.82001737,5.81,476.25%,0.48,3.81922687671,183.0,5,27137.0,1576.6597
QN1306,Springfield Gardens (South)-Brookville,36081065402,POINT (1050426.5462154008 179883.14300260824),-151097.67421373,9.59,705.27%,0.46,5.58444543981,142.0,0,21599.0,2071.3441
QN1307,Rosedale,36081065401,POINT (1057591.1482988042 179496.25604711054),78887.370869814,9.24,716.03%,0.48,5.65402150705,137.0,2,14292.0,1320.5808
QN1401,Far Rockaway-Bayswater,36081099801,POINT (1051852.7469518052 158585.10727401238),486153.45877199,19.74,993.35%,0.58,6.11615671693,93.0,6,38081.0,7517.189399999999
QN1402,Rockaway Beach-Arverne-Edgemere,36081097204,POINT (1040821.7183740992 154866.4127464541),349017.48683823,21.03,925.48%,0.54,6.0303443872,103.0,2,29679.0,6241.4937
QN1403,Breezy Point-Belle Harbor-Rockaway Park-Broad Channel,36081092800,POINT (1022985.7981726257 149955.20029947755),728457.249977604,13.64,691.39%,0.51,6.61739123024,55.0,0,20529.0,2800.1556
SI0101,St. George-New Brighton,36085000300,POINT (960512.7293223082 173253.56204555364),146216.825929215,20.18,846.60%,0.49,5.99819322539,108.0,2,18039.0,3640.2702
SI0102,Tompkinsville-Stapleton-Clifton-Fox Hills,36085001700,POINT (962366.0130031548 167392.68196960853),-1823011.16477151,19.32,509.83%,0.51,3.17661075829,186.0,8,13144.0,2539.4208000000003
SI0103,Rosebank-Shore Acres-Park Hill,36085000600,POINT (964045.8017828226 162138.34456865126),183229.031435855,14.15,537.35%,0.5,5.55022041654,144.0,0,13113.0,1855.4895000000001
SI0104,West New Brighton-Silver Lake-Grymes Hill,36085009701,POINT (956130.0581121922 168113.91633827405),16143.362143039,12.64,507.67%,0.48,5.44630899646,150.0,1,29175.0,3687.7200000000003
SI0105,Westerleigh-Castleton Corners,36085016901,POINT (948492.7575287587 164092.70514334313),637569.289046739,10.31,483.81%,0.47,6.06970911336,98.0,0,29690.0,3061.039
SI0106,Port Richmond,36085020702,POINT (947285.8020565322 170227.0867814771),-720808.945556749,17.95,875.56%,0.52,4.94579796204,168.0,3,13489.0,2421.2754999999997
SI0107,Mariner's Harbor-Arlington-Graniteville,36085022300,POINT (937794.8905142132 169332.122625243),785018.737638609,14.8,834.69%,0.48,6.74812670227,48.0,1,29670.0,4391.160000000001
SI0201,Grasmere-Arrochar-South Beach-Dongan Hills,36085005000,POINT (961678.3893333349 155529.36392424486),782796.386832488,13.42,572.99%,0.48,6.23862767965,82.0,2,25313.0,3397.0045999999998
SI0202,New Dorp-Midland Beach,36085011201,POINT (956028.7492547673 148531.10292134006),739392.566019714,12.13,620.72%,0.54,6.32479629932,76.0,1,20984.0,2545.3592000000003
SI0203,Todt Hill-Emerson Hill-Lighthouse Hill-Manor Heights,36085017300,POINT (948624.1125101482 154129.18589537672),451452.129284963,12.58,518.93%,0.56,5.80431979609,128.0,1,16067.0,2021.2286
SI0204,New Springville-Willowbrook-Bulls Head-Travis,36085027301,POINT (935530.5047329314 159277.84217408177),1022020.12315557,12.01,456.02%,0.48,6.41326306292,65.0,0,33965.0,4079.1965
SI0301,Oakwood-Richmondtown,36085012805,POINT (950187.8142856951 144051.3912047569),529757.683825265,12.84,700.09%,0.51,6.20365428506,89.0,0,21454.0,2754.6935999999996
SI0302,Great Kills-Eltingville,36085014608,POINT (941182.6447296155 139786.65114480926),1091230.79111141,10.42,533.10%,0.45,6.5179510219,62.0,1,56954.0,5934.6068000000005
SI0303,Arden Heights-Rossville,36085017007,POINT (929531.785051678 140680.3094509498),600174.677844235,8.97,476.47%,0.46,6.04297510641,100.0,0,5351.0,479.98470000000003
SI0304,Annadale-Huguenot-Prince's Bay-Woodrow,36085017009,POINT (929195.1521514927 131846.05201889153),620825.608054139,8.74,350.04%,0.47,5.87696908779,123.0,2,32524.0,2842.5976
SI0305,Tottenville-Charleston,36085024401,POINT (918783.1056517168 130506.98951365854),259814.070271157,8.28,158.11%,0.45,5.54171155493,145.0,0,15557.0,1288.1196
