id,program,geoid,nta2020,geometry
0,CHURCH OF ST. NICHOLAS OF TOLENTINE,36005025500,BX0701,POINT (-73.905672642358 40.862216353818)
1,BREAD OF LIFE FOOD PANTRY,36005005002,BX0901,POINT (-73.8785391641132 40.8264247055377)
2,CHANCE FOR CHILDREN,36047032500,BK0901,POINT (-73.9584754469383 40.6656935813309)
3,HEALTH ESSENTIAL ASSOCIATION INC (BK),36047058000,BK1502,POINT (-73.955282193588 40.598606630507)
4,AIDS CENTER OF QUEENS COUNTY (WOODSIDE),36081026100,QN0203,POINT (-73.902187195561 40.744659030225)
5,AIDS CENTER OF QUEENS COUNTY (ACQC),36081103202,QN1401,POINT (-73.7521784537249 40.6051553276391)
6,AIDS CENTER OF QUEENS COUNTY (JAMAICA),36081044601,QN1201,POINT (-73.79790575886 40.704402048469)
7,RIVERSIDE CHURCH FOOD PANTRY (FP),36061020500,MN0901,POINT (-73.962512926181 40.811964203982)
8,BETH HARK CHRISTIAN COUNSELING CENTER,36061019800,MN1102,POINT (-73.943367988776 40.802320111917)
9,HARLEM DOWLING WEST SIDE CENTER/SPECIALIZED SERVICES,36061022400,MN1002,POINT (-73.9472302859061 40.8100316307884)
10,UPPER MANHATTAN MENTAL HEALTH CENTER (FP),36061023100,MN0903,POINT (-73.947163063077 40.825537145522)
11,ST. PETER'S CHURCH BREAKFAST PROGRAM,36061010000,MN0604,POINT (-73.970380096255 40.7586867318663)
12,CHRIST CHURCH UNITED METHODIST,36061011401,MN0802,POINT (-73.9694903580852 40.7639429396378)
13,CONVENT AVENUE BAPTIST CHURCH,36061022700,MN0903,POINT (-73.946118007389 40.823860597249)
14,CATHEDRAL OF ST. JOHN THE DIVINE,36061019701,MN0901,POINT (-73.9625784723541 40.8041168149533)
15,WESTSIDE CAMPAIGN AGAINST HUNGER,36061017500,MN0702,POINT (-73.977266333288 40.7888001022467)
16,MORIAH CITY COMMUNITY FOOD PANTRY,36081038400,QN1205,POINT (-73.745540321686 40.696176509697)
17,IGLESIA CRISTIANA EVANGELICA,36081037502,QN0303,POINT (-73.8715487413718 40.7539893876077)
18,MT. OLIVET GOSPEL CHURCH,36081037700,QN0303,POINT (-73.8710050908433 40.7560735060792)
19,FIRST BAPTIST CHURCH (SK),36081036300,QN0302,POINT (-73.868736780187 40.761622074415)
20,BETHANY PANTRY,36081046100,QN0401,POINT (-73.8730636027748 40.7414233224869)
21,EVANGELICAL CHURCH CHRIST IS THE LIGHT,36081047100,QN0401,POINT (-73.8748857445988 40.7411327216259)
22,FIRST PRESBYTERIAN RUSSELL SAGE MEMORIAL CHURCH OF FAR ROCKAWAY,36081103202,QN1401,POINT (-73.744640161527 40.610138340413)
23,CHAZAQ,36081077902,QN0801,POINT (-73.822208248927 40.72673558757)
24,FOOD SHARING WITH OUR NEIGHBORS PROGRAMS (FP),36081116302,QN0704,POINT (-73.816887165334 40.763794537989)
25,QUEENS JEWISH COMMUNITY COUNCIL,36081076902,QN0602,POINT (-73.8323344261707 40.7140070809817)
26,THE LEGACY CENTER COMMUNITY DEVELOPMENT CORP,36081057700,QN0503,POINT (-73.89255311987 40.70174687109)
27,OUR LADY OF GRACE MINISTRY,36081088400,QN1003,POINT (-73.832888889049 40.660986681777)
28,GETHSEMANE SEVENTH DAY ADVENTIST CHURCH,36047031900,BK0901,POINT (-73.950237293705 40.664109946538)
29,GLOVER MEMORIAL BREAD OF LIFE FOOD PANTRY (FP),36047030300,BK1601,POINT (-73.917033976837 40.674917488673)
30,GOD'S BATTALION OF PRAYER CHURCH,36047087000,BK1703,POINT (-73.933806165091 40.653831679678)
31,"GOD'S DELIVERANCE TEMPLE, INC",36047030700,BK0802,POINT (-73.922234277205 40.674182856769)
32,GRANT HOUSE UNITY CORPORATION,36047065000,BK1801,POINT (-73.9341653294493 40.6198947366166)
33,GREENPOINT REFORMED CHURCH FOOD PANTRY (FP),36047056500,BK0101,POINT (-73.954981283264 40.729274549861)
34,HANSON PLACE SEVENTH DAY ADVENTIST CHURCH (FP),36047017900,BK0203,POINT (-73.974032259534 40.685432837664)
35,HEALTH ESSENTIAL ASSOCIATION CPMM,36047030000,BK1103,POINT (-73.9907439308705 40.5998786264754)
36,HOLY CROSS FOOD PANTRY - BROOKLYN,36047079400,BK1701,POINT (-73.953526184873 40.650442624768)
37,HOPE CENTER DEVELOPMENT CORPORATION,36047088600,BK1704,POINT (-73.9186232694949 40.6570453435887)
38,HOREB SEVENTH DAY ADVENTIST COMMUNITY SERVICES,36047080600,BK0902,POINT (-73.9428281942116 40.6610568802157)
39,ICNA RELIEF USA FOOD PANTRY,36047036600,BK1303,POINT (-73.963456896117 40.581346950764)
40,IMMANUEL FIRST SPANISH UNITED METHODIST CHURCH,36047012901,BK0602,POINT (-73.9771723722042 40.6822239516964)
41,INTERNATIONAL PENTECOSTAL CITY MISSION,36047088800,BK1704,POINT (-73.9180204433454 40.653878702121)
42,LADIES IN WAITING,36047080200,BK0902,POINT (-73.9536245048782 40.6583750903686)
43,LAS MARAVILLAS DEL EXODO,36047116600,BK0502,POINT (-73.8840519422125 40.6758563875574)
44,LIFEBRIDGENY/BKPANTRY,36047073600,BK1801,POINT (-73.937545332334 40.6235013857412)
45,LITTLE JERUSALEM HOUSE OF PRAYER,36047089600,BK1602,POINT (-73.91270614877 40.658941581221)
46,MAKE THE ROAD NEW YORK              (BK),36047043300,BK0402,POINT (-73.9157973946611 40.6984242008526)
47,MAMRE ENRICHMENT PROGRAM (FP),36047072200,BK1801,POINT (-73.928144440953 40.632633175995)
48,MOUNT CARMEL WORSHIP AND OUTREACH CENTER (FP),36047083800,BK1702,POINT (-73.933387908122 40.642163441815)
49,MOVEMENT OF PENTECOSTAL CHRISTIAN CHURCH,36047005202,BK1001,POINT (-74.038228767017 40.620561271594)
50,MT. HEBRON CHURCH OF CHRIST (FP),36047116200,BK0502,POINT (-73.884983004017 40.671011312246)
51,MUNA SOCIAL SERVICE INC (FPH),36047119600,BK0505,POINT (-73.871840598933 40.676876507083)
52,NEW LIFE SEVENTH DAY ADVENTIST CHURCH,36047091600,BK1602,POINT (-73.9106385847138 40.658692680606)
53,NEWMAN MEMORIAL UNITED METHODIST CHURCH COMMUNITY DEVELOPMENT CORPORATION,36047026900,BK0301,POINT (-73.9410186251351 40.6821965010288)
54,NORTHEAST BROOKLYN HOUSING DEVELOPMENT CORPORATION (83344),36047026100,BK0301,POINT (-73.942750913064 40.691356747733)
55,OPEN DOOR FAMILY LIFE CENTER INC,36047038700,BK0302,POINT (-73.9270092798274 40.6912971102244)
56,OPEN DOOR TO HEAVEN OUTREACH MINISTRY INC,36047116400,BK0502,POINT (-73.880570183452 40.672654458635)
57,OUR LADY OF ANGELS HUMAN SERVICES,36047006600,BK1001,POINT (-74.0261481675582 40.6324515823184)
58,OUR LADY OF MERCY CHURCH (FP),36047091800,BK1602,POINT (-73.905076689043 40.662055248703)
59,OUR LADY OF MIRACLES-CANARSIE CLUSTER CENTER,36047095800,BK1803,POINT (-73.9092268206561 40.6388220800759)
60,OUR LADY OF REFUGE R.C. CHURCH (FP),36047077000,BK1401,POINT (-73.957710682395 40.63650066994)
61,PAYO FOOD PANTRY,36047046000,BK1402,POINT (-73.9665352340754 40.632195263552)
62,BAY RIDGE COMMMUNITY DEVELOPMENT CENTER (BRCDC) ,36047016200,BK1001,POINT (-74.031330949641 40.612839688832)
63,BAY VIEW HOUSES RESIDENT ASSOCIATION,36047103401,BK1803,POINT (-73.886955349653 40.632865564261)
64,BEDFORD CENTRAL PRESBYTERIAN CHURCH,36047031500,BK0802,POINT (-73.949583589076 40.676728943678)
65,BETHANIE FRENCH SEVENTH-DAY ADVENTIST CHURCH,36047082200,BK1701,POINT (-73.956077049466 40.654484001293)
66,BETHLEM NATION'S FOOD PANTRY,36047110400,BK0503,POINT (-73.889329607547 40.658848374458)
67,BEULAH CHURCH OF GOD IN CHRIST JESUS,36047024900,BK0301,POINT (-73.946439369557 40.680625564736)
68,BLESSED ASSURANCE CHURCH OF GOD BLESSED ASSURANCE CHARITY INC,36047036900,BK1601,POINT (-73.909298905129 40.678342962953)
69,BLESSED SACRAMENT CHURCH (BKLYN),36047117601,BK0501,POINT (-73.874456088 40.683681103719)
70,BROOKLYN MEAL SHARE (FP),36047052000,BK1402,POINT (-73.964178494161 40.633708741811)
71,BROOKLYN RESCUE MISSION URBAN HARVEST CENTER INC (FP),36047038100,BK0302,POINT (-73.925767333212 40.682228771356)
72,BROWNSVILLE TEMPLE SEVENTH DAY ADVENTIST CHURCH,36047088400,BK1704,POINT (-73.922167305798 40.659960694918)
73,CALVARY PENTECOSTAL CHURCH,36047050803,BK1401,POINT (-73.9610806268393 40.6544636752165)
74,CAMP FRIENDSHIP FOOD PANTRY IN PARK SLOPE,36047013700,BK0602,POINT (-73.9838523296564 40.6689802513779)
75,CATHOLIC CHARITIES,36047032600,BK1302,POINT (-73.9850475052448 40.5772771594341)
76,CCC NEW YORK PARISH FOOD PANTRY OUTREACH PROGRAM,36047043700,BK0402,POINT (-73.9098210975391 40.6946499135077)
77,CENTER FOR FAMILY LIFE,36047008400,BK0702,POINT (-74.004865760917 40.651994408412)
78,CHILD DEVELOPMENT SUPPORT CORPORATION,36047023100,BK0204,POINT (-73.960025093804 40.6882681842038)
79,CHILDREN OF THE LIGHT INTERNATIONAL MINISTRIES INC,36047096600,BK1803,POINT (-73.901805567509 40.642246296928)
80,CHRIST APOSTOLIC CHURCH GOKE FOOD PANTRY,36047049000,BK1203,POINT (-73.972156808699 40.63849518571)
81,CHRISTIAN CULTURAL CENTER,36047105804,BK0504,POINT (-73.888606752217 40.651153493976)
82,"CHURCH AVENUE MERCHANTS BLOCK ASSOC., INC/CAMBA FOOD PANTRY",36047079400,BK1701,POINT (-73.957287228646 40.64868246701)
83,CHURCH OF GOD (BK),36047088800,BK1704,POINT (-73.918430653363 40.651667178912)
84,CHURCH OF GOD FEEDING THE HUNGRY,36047021500,BK0801,POINT (-73.961116752569 40.672411090076)
85,CHURCH OF GOD INC.,36047088200,BK1704,POINT (-73.9260760389434 40.6602317658103)
86,CHURCH OF GOD OF SALVATION,36047082600,BK1701,POINT (-73.948961735679 40.646673031452)
87,CHURCH OF PRAISE AND WORSHIP GOD IN CHRIST,36047035900,BK0802,POINT (-73.922488081233 40.671422486506)
88,COMMUNITY CARE FOOD PANTRY,36047073800,BK1801,POINT (-73.93909816348 40.622198419004)
89,COMMUNITY SERVICES HOUSING DEVELOPMENT CORP.,36047036100,BK1601,POINT (-73.9198218816971 40.6690178862874)
90,COMPASSION HOUSE COMMUNITY DEVELOPMENT CORPORATION,36047042500,BK0401,POINT (-73.931591582453 40.701437956049)
91,COPO FOOD PANTRY  (FPH),36047052800,BK1402,POINT (-73.966304312444 40.631334567737)
92,EAST NEW YORK SEVENTH DAY ADVENTIST CHURCH,36047116400,BK0502,POINT (-73.88242811611 40.670394865177)
93,EAST NEW YORK WESLEYAN CHURCH/NEW HOPE FAMILY WORSHIP CENTER,36047112400,BK0503,POINT (-73.88651764667 40.665996335757)
94,"BEYOND WALLS, INC",36047086800,BK1703,POINT (-73.928005720455 40.655301530219)
95,EMMAUS SEVENTH DAY ADVENTIST CHURCH (FP),36047051602,BK1401,POINT (-73.957698025721 40.64246519033)
96,PENIEL HAITIAN CHURCH OF C AND MA,36047082400,BK1701,POINT (-73.9506515277505 40.6481952268936)
97,FAMILY LIFE DEVELOPMENT CENTER,36047021900,BK0802,POINT (-73.95442757474 40.672925487474)
98,FEEDING THE VULNERABLE-FORT GREENE,36047054300,BK0261,POINT (-73.9711955720425 40.6981214046004)
99,FERNANDE VALME' MINISTRIES INC,36047051602,BK1401,POINT (-73.9579009518562 40.6431586674257)
100,FLATBUSH SEVENTH DAY ADVENTIST CHURCH (FP),36047051002,BK1401,POINT (-73.959354876522 40.648057177033)
101,"FOOD FIRST, INC",36047005301,BK0601,POINT (-74.013866164728 40.678224107566)
102,PENIEL SEVENTH DAY ADVENTIST CHURCH,36047084000,BK1702,POINT (-73.9297568676666 40.6430534742042)
103,PRESBYTERIAN CHURCH OF THE CROSSROADS,36047116800,BK0501,POINT (-73.884692906348 40.680539901685)
104,"POWER PRAISE AND DELIVERANCE, INC",36005023703,BX0503,POINT (-73.9004342885216 40.8596232444512)
105,REACHING-OUT COMMUNITY SERVICES INC,36047018200,BK1101,POINT (-74.0006365875127 40.6139845311799)
106,RESURRECTION AND LIFE PENTECOSTAL CHURCH (FP),36005012901,BX0202,POINT (-73.899285799777 40.821526321034)
107,SPANISH SEVENTH DAY ADVENTIST CHURCH FOOD PANTRY,36005013100,BX0202,POINT (-73.899309017649 40.82473575176)
108,SPANISH SOUNDVIEW SEVENTH DAY ADVENTIST CHURCH,36005000200,BX0902,POINT (-73.8612295286084 40.8149078445578)
109,ST. BRENDAN & ST. ANN PARISH,36005042300,BX0703,POINT (-73.8775260441358 40.8754643287559)
110,ST. EDMUNDS YOUTH PROGRAM INC,36005023301,BX0502,POINT (-73.9080897313729 40.849923035406)
111,ST. JEROME H.A.N.D.S. COMMUNITY CENTER,36005002300,BX0101,POINT (-73.9248984390805 40.8098935408616)
112,ST. LUKES FOOD PANTRY,36005002702,BX0101,POINT (-73.915570245085 40.80619456284)
113,ST. PAUL'S LUTHERAN CHURCH,36005021602,BX0904,POINT (-73.862510367233 40.834569484384)
114,THE GAMBIAN YOUTH ORGANIZATION FOOD PANTRY (FP),36005038100,BX0502,POINT (-73.90081348545 40.854303962949)
115,THESSALONIA BAPTIST CHURCH,36005012901,BX0202,POINT (-73.899037024891 40.822275830816)
116,THORPE FAMILY RESIDENCE,36005038304,BX0603,POINT (-73.8946786028774 40.8564297393227)
117,UNION GROVE BAPTIST CHURCH,36005015700,BX0303,POINT (-73.8891468820577 40.8329474603911)
118,VINEYARD INTERNATIONAL CHRISTIAN MINISTRIES,36005017500,BX0401,POINT (-73.9123762367871 40.8307444031391)
119,"WAY OUT CHURCH MINISTRIES, INC (FP)",36005004300,BX0101,POINT (-73.914690899623 40.813939231827)
120,WHEDCO - FOOD PANTRY,36005019700,BX0401,POINT (-73.9190378384053 40.8364881856616)
121,WORD OF LIFE CHRISTIAN FELLOWSHIP,36005007700,BX0102,POINT (-73.903033851601 40.819614115553)
122,AFRICAN SERVICES COMMITTEE (FP),36061021303,MN0902,POINT (-73.954489768462 40.813386906317)
123,ANTIOCH OUTREACH MINISTRIES,36061020000,MN1001,POINT (-73.9442471667988 40.8065183560617)
124,"ASCENSION OUTREACH, INC",36061006300,MN0202,POINT (-73.995719092896 40.734195062301)
125,BETHEL AME CHURCH,36061020800,MN1002,POINT (-73.9409257395266 40.8115841786895)
126,CABRINI IMMIGRANT SERVICES OF NEW YORK CITY INC,36061030300,MN1203,POINT (-73.920903901533 40.869597960668)
127,CATHOLIC CHARITIES WASHINGTON HEIGHTS FOOD PANTRY (FP),36061027100,MN1202,POINT (-73.935055236302 40.850749700726)
128,CCCS - KENNEDY CENTER FOOD PANTRY,36061021200,MN1002,POINT (-73.9399045867478 40.8127169410033)
129,COMMUNITY IMPACT (FP),36061019900,MN0901,POINT (-73.96583978737 40.807022569146)
130,COMMUNITY LEAGUE OF THE HEIGHTS (FP),36061024500,MN1201,POINT (-73.941841895665 40.834302814135)
131,DEWITT REFORMED CHURCH,36061001002,MN0302,POINT (-73.979588958425 40.717523414976)
132,FAMILY INTEGRATION MINISTRY FOOD PANTRY,36061023501,MN0903,POINT (-73.943894456115 40.830016979403)
133,FATHER CREAVIN'S FOOD PANTRY,36061023600,MN1002,POINT (-73.9377593218145 40.8259344480347)
134,FRIENDLY HANDS MINISTRY INC,36061019600,MN1102,POINT (-73.937951016211 40.804776512461)
135,SALT & SEA MISSION CHURCH INC.,36047030800,BK1301,POINT (-73.983510348007 40.588551112725)
136,"SANCTIFIED CHURCH OF GOD, INC/COMMUNITY FEEDING PROGRAM",36047080400,BK0902,POINT (-73.9480946278045 40.6623559495605)
137,"SECOND ST. PAUL CHURCH OF CHRIST, DISCIPLE OF CHRIST, INC",36047116400,BK0502,POINT (-73.880001889992 40.6715179146519)
138,SILOAM PRESBYTERIAN CHURCH FOOD PANTRY,36047024900,BK0301,POINT (-73.9473061421641 40.6834788903051)
139,SISTERS WITH PURPOSE INC,36047105801,BK0504,POINT (-73.8775423045407 40.6474756822738)
140,SOLID ROCK BAPTIST CHURCH,36047025901,BK0301,POINT (-73.9464071829674 40.6951495592595)
141,SOUTH BKLYN SEVENTH DAY ADVENTIST CHURCH COMMUNITY SERVICE PROGRAM,36047012902,BK0602,POINT (-73.9765557991232 40.6796969755924)
142,"SOUTHSIDE UNITED H.D.F.C., INC - LOS SURES",36047055100,BK0102,POINT (-73.9615405418069 40.712454668453)
143,ST. MARK'S UNITED METHODIST CHURCH (FP),36047051001,BK1401,POINT (-73.959485801849 40.645083948339)
144,ST. PAUL PENTECOSTAL CHURCH,36047037100,BK1601,POINT (-73.9138246300456 40.6803676957112)
145,ST. PHILIP'S CHRISTIAN CHURCH,36047028100,BK0302,POINT (-73.9421528641898 40.6910985011888)
146,ST. THERESE OF LISIEUX R.C. CHURCH,36047083800,BK1702,POINT (-73.9344359810647 40.6416896128383)
147,THE CHURCH OF ST. MARK (FP),36047033702,BK0901,POINT (-73.944656287294 40.668743462613)
148,THE CITY OF GRACE INC,36047085600,BK1701,POINT (-73.945096169573 40.646948335062)
149,THE SALVATION ARMY BEDFORD TEMPLE CORPS,36047025300,BK0301,POINT (-73.950436699181 40.690101893009)
150,THE TABLE AT THE FAMILY SUPPORT CENTER AT NYU LANGONE (FP),36047010200,BK0703,POINT (-74.01449271199 40.639194320254)
151,THE TEMPLE OF RESTORATION TTOR FOOD PANTRY (FP),36047003900,BK0202,POINT (-73.981575804754 40.684752101397)
152,TRANSFIGURATION CHURCH (FP),36047053300,BK0103,POINT (-73.955957942622 40.704949722022)
153,TREASURES IN EARTHEN JARS FOOD PANTRY (FP),36047072600,BK1801,POINT (-73.936284274764 40.632240400013)
154,TRINITY HUMAN SERVICE CORPORATION,36047050500,BK0104,POINT (-73.944125964304 40.7066049802121)
155,TRIUMPHANT FULL GOSPEL ASSEMBLY,36047088002,BK1703,POINT (-73.9299019583486 40.6607879051293)
156,TRUE HOLY CHURCH OF GOD IN CHRIST JESUS,36047036502,BK1601,POINT (-73.9067485430604 40.6759456546992)
157,URBAN STRATEGIES INC,36047089400,BK1602,POINT (-73.9144207511698 40.660262988483)
158,WIADCA CARES (FP),36047032300,BK0901,POINT (-73.955600286813 40.668719658008)
159,WORLD FOR CHRIST FOOD SERVICES,36047086800,BK1703,POINT (-73.929183629308 40.656627840668)
160,"ABRAHAM HOUSE, INC",36005004100,BX0101,POINT (-73.92111621514 40.811235607048)
161,ABUNDANT GRACE FOR THE FORSAKEN FOOD PANTRY,36005035800,BX1202,POINT (-73.8438703556907 40.8713646562602)
162,ASH-SHIFAA INC FP,36005039100,BX0603,POINT (-73.885060368984 40.851637931006)
163,BRIGHT TEMPLE A.M.E. CHURCH/PROJECT F.I.L.L.,36005011502,BX0201,POINT (-73.8869582833196 40.8171923741778)
164,BRONX BETHANY COMMUNITY CORPORATION,36005040400,BX1201,POINT (-73.8513939519094 40.8866890805976)
165,BRONX SEVENTH DAY ADVENTIST CHURCH (FP),36005016500,BX0302,POINT (-73.900969472668 40.842157034596)
166,BRONX TEMPLE SEVENTH DAY ADVENTIST CHURCH,36005004300,BX0101,POINT (-73.9188010496641 40.8150006741355)
167,CCCS BRONX FOOD PANTRY,36005006700,BX0102,POINT (-73.9165799291416 40.8180956499735)
168,CHRIST DISCIPLES INTERNATIONAL MINISTRIES (FP),36005042500,BX0703,POINT (-73.879713126846 40.86962001954)
169,CHURCH OF THE ATONEMENT FOOD PANTRY,36005007600,BX0901,POINT (-73.8663358680837 40.833386001525)
170,COOP CITY SDA CHURCH FOOD PANTRY,36005046203,BX1004,POINT (-73.831067501489 40.880352319628)
171,DAVIDSON COMMUNITY CENTER INC (FP),36005024300,BX0501,POINT (-73.908556771422 40.853601014639)
172,EMANUEL PENTECOSTAL FAITH CHURCH,36005005600,BX0901,POINT (-73.879749092217 40.83161264231)
173,"EVERY DAY IS A MIRACLE, INC (FP)",36005023900,BX0503,POINT (-73.901634409047 40.861683055228)
174,FELLOWSHIP COVENANT CHURCH,36005009000,BX0903,POINT (-73.8484113358587 40.8217227092408)
175,GETHSEMANE BAPTIST CHURCH (FP),36005036502,BX0602,POINT (-73.88947053333 40.842987344124)
176,GIVE BY GRACE WHAT BY GRACE YOU HAVE RECEIVED INC (FP),36005012901,BX0202,POINT (-73.895993891124 40.823797271971)
177,GIVE THEM TO EAT (FP),36005007900,BX0102,POINT (-73.904362969987 40.817630705804)
178,GOOD NEIGHBOR COMMUNITY OUTREACH AGENCY INC,36005036400,BX1202,POINT (-73.848638736572 40.875711678935)
179,GRAND CONCOURSE SEVENTH DAY ADVENTIST CHURCH,36005022102,BX0403,POINT (-73.9163400390727 40.8363832025027)
180,HARVEST TO HAVEN,36005002300,BX0101,POINT (-73.9255280297891 40.809224075684)
181,INSPIRATIONAL GOSPEL ASSEMBLY,36005014500,BX0302,POINT (-73.9092226300153 40.8314386340458)
182,JAMAICA BENEVOLENT ARM & CULTURAL CENTER,36005048401,BX1202,POINT (-73.830704900357 40.887725544575)
183,LT WORKS FOOD PANTRY,36005009800,BX0903,POINT (-73.844195070604 40.824114066001)
184,MORRISANIA REVITALIZATION CORP INC,36005018502,BX0301,POINT (-73.9067087534278 40.8256562980135)
185,MOSAIC BEACON COMMUNITY CENTER (FP),36005020100,BX0402,POINT (-73.925700110349 40.839680643212)
186,MOSHOLU MONTEFIORE COMMUNITY CENTER FP,36005042100,BX0703,POINT (-73.880582337212 40.881965584532)
187,NEW CONVENANT COMMUNITY DEVELOPMENT CORP,36005018502,BX0301,POINT (-73.9032348496389 40.8289314391226)
188,NEW YORK COMMON PANTRY - BRONX,36005012300,BX0303,POINT (-73.8903926840188 40.8308634262034)
189,PARKCHESTER BAPTIST CHURCH (FP),36005022200,BX0904,POINT (-73.857174782947 40.834525060297)
190,"THE HARDING FORD VISION, INC",36081025402,QN1202,POINT (-73.797112327906 40.698230285523)
191,PROJECT L.E.A.D.,36081014000,QN0901,POINT (-73.8255130654674 40.7040034051506)
192,SAM FIELD Y (FPK),36081152902,QN1103,POINT (-73.722885294688 40.761333862674)
193,ST. CLEMENTS FOOD PANTRY (FP),36061012700,MN0402,POINT (-73.991641967553 40.761480294523)
194,CENTER OF HOPE INTERNATIONAL,36081008500,QN0105,POINT (-73.941854049425 40.756916934977)
195,EVANGEL FOOD PANTRY,36081003302,QN0105,POINT (-73.9371155917768 40.7542084067981)
196,HOUR CHILDREN COMMUNITY OUTREACH (FP),36081008500,QN0105,POINT (-73.940527780885 40.759936767053)
197,IGLESIA ALIANZA MISIONERA EBENEZER (FP),36081017902,QN0202,POINT (-73.926867374185 40.745653920223)
198,ST. RAPHAEL CHURCH FOOD PANTRY (FP),36081018700,QN0202,POINT (-73.930045875688 40.737154754222)
199,CHURCH OF THE ANNUNCIATION,36061021303,MN0902,POINT (-73.9529651002739 40.816271705933)
200,ST. PETER'S FOOD PANTRY,36061008900,MN0401,POINT (-74.0019205279887 40.7441535176636)
201,UNITED METHODIST CENTER IN FAR ROCKAWAY,36081101003,QN1401,POINT (-73.751793305274 40.603122464662)
202,DIVINE FOOD PANTRY,36081054000,QN1303,POINT (-73.742948385767 40.714770504606)
203,HOLLIS AVENUE CONGREGATIONAL CHURCH,36081053601,QN1303,POINT (-73.7463456549432 40.7088860313915)
204,BLACK FORUM OF CO-OP CITY,36005046207,BX1004,POINT (-73.833184183498 40.877169417626)
205,CALVARY'S MISSION,36081002800,QN0902,POINT (-73.843565254399 40.693218368428)
206,RIVER FUND,36081014400,QN0902,POINT (-73.829205880793 40.696941526)
207,ST. THOMAS AQUINAS FOOD PANTRY  (FP),36005035900,BX0601,POINT (-73.885468567668 40.840785084684)
208,DELIVERANCE TEMPLE CHURCH OF JESUS CHRIST,36081081400,QN1001,POINT (-73.804106942287 40.674453424604)
209,MORRIS BROWN HELPING HAND FOOD PROGRAM,36081018401,QN1203,POINT (-73.793415406068 40.6738038272294)
210,BVM/ST. MARY'S CHURCH WINFIELD,36081048900,QN0203,POINT (-73.8927928423208 40.7384780050256)
211,SAINT TERESA CHURCH - SAINT VINCENT DePAUL SOCIETY,36081018700,QN0202,POINT (-73.9210412809149 40.7370094120111)
212,ADMIRABLE CHURCH INC (FP),36047073800,BK1801,POINT (-73.937678101444 40.623151231847)
213,APNA FOOD PANTRY BRIGHTON BEACH,36047036600,BK1303,POINT (-73.9616821119383 40.5817290817302)
214,KINGS BAY Y FOOD PANTRY,36047057000,BK1503,POINT (-73.941331353943 40.598730934131)
215,METROPOLITAN COUNCIL ON JEWISH POVERTY,36047094401,BK1801,POINT (-73.923713431658 40.638733357489)
216,NAT'L COMM. FOR FUTH. OF JEWISH ED.(UC),36047033702,BK0901,POINT (-73.941024660143 40.6689654153897)
217,SEPHARDIC BIKUR HOLIM FOOD PANTRY (FPK),36047041200,BK1103,POINT (-73.974870868947 40.604623537792)
218,SHALOM SENIOR CENTER,36047033100,BK0901,POINT (-73.939834429854 40.663361191127)
219,TOMCHE SHABBOS OF BORO PARK,36047025000,BK1101,POINT (-73.997000182988 40.6253704244376)
220,ZICHRON ACHEINU LEVY-MENACHEM TZION,36047022200,BK1202,POINT (-73.994726005008 40.639623347968)
221,JEWISH COMMUNITY COUNCIL OF PELHAM PARKWAY,36005022403,BX1101,POINT (-73.8658499689148 40.8553428160284)
222,JEWISH COMMUNITY COUNCIL OF WASHINGTON HGTS,36061027100,MN1202,POINT (-73.934593393437 40.854067844736)
223,LILLIAN WALD FOOD PANTRY,36061002000,MN0303,POINT (-73.978182475072 40.720245521851)
224,ESTHER GRUNBLATT-CENTRAL QUEENS Y (FPK),36081074100,QN0602,POINT (-73.847202916558 40.728684128601)
225,JEWISH COMMUNITY COUNCIL OF THE ROCKAWAY PENINSULA,36081103202,QN1401,POINT (-73.751658775728 40.605287468343)
226,JEWISH COMMUNITY CENTER OF STATEN ISLAND,36085018100,SI0203,POINT (-74.126203951485 40.594743411334)
227,MESIVTHA OF STATEN ISLAND,36085020803,SI0304,POINT (-74.2144533219815 40.5276518922894)
228,CITY HARVEST - BED-STUY MOBILE MARKET,36047025902,BK0301,POINT (-73.94609277786 40.69775440297)
229,METRO MINISTRIES INTERNATIONAL (FP),36047039500,BK0402,POINT (-73.924893268349 40.693939715016)
230,CITY HARVEST - MELROSE MOBILE MARKET,36005006700,BX0102,POINT (-73.920266625434 40.821535960222)
231,CITY HARVEST - ST. MARY'S MOBILE MARKET,36005007300,BX0102,POINT (-73.909729818771 40.815134994134)
232,CITY HARVEST MOBILE MARKET - DYCKMAN HOUSES,36061029900,MN1203,POINT (-73.923996153252 40.861138902074)
233,CITY HARVEST MOBILE MARKET - PRINCE HALL,36061023501,MN0903,POINT (-73.941866873736 40.830800310164)
234,CITY HARVEST - ASTORIA MOBILE MARKET,36081008700,QN0102,POINT (-73.9367171243643 40.7740101810847)
235,CITY HARVEST MOBILE MARKET - QUEENSBRIDGE HOUSES,36081002500,QN0105,POINT (-73.944638769117 40.755455759706)
236,CITY HARVEST - STAPLETON MOBILE MARKET,36085002900,SI0102,POINT (-74.080622491464 40.622138656034)
237,BETHANY UNITED METHODIST CHURCH (SK),36047033900,BK0802,POINT (-73.93826357738 40.670745061091)
238,COMMUNITY HELP IN PARK SLOPE INC (SK),36047011901,BK0601,POINT (-73.982714821576 40.678294012639)
239,HOPE CENTER DEVELOPMENT CORPORATION,36047088600,BK1704,POINT (-73.9184467466168 40.6571944573229)
240,NEIGHBORS TOGETHER (SK),36047030100,BK1601,POINT (-73.913937198889 40.678329048994)
241,OPIN (OTHER PEOPLE IN NEED) (83913),36047036100,BK1601,POINT (-73.91848287262 40.669760397016)
242,UNITED COMMUNITY BAPTIST CHURCH,36047087800,BK1703,POINT (-73.9310625167243 40.6601912810748)
243,EASTCHESTER PRESBYTERIAN CHURCH (SK),36005036400,BX1202,POINT (-73.847255387272 40.871322076242)
244,LOYAL BAPTIST CHURCH,36005013100,BX0202,POINT (-73.8962272433081 40.8261247169348)
245,PATHHSEO INC,36005012300,BX0303,POINT (-73.891099614041 40.8321441807)
246,ST. ANTHONY'S CHURCH (SK),36005021800,BX0901,POINT (-73.869447565577 40.837910259533)
247,WOODYCREST UNITED METHODIST CHURCH,36005019900,BX0402,POINT (-73.926558836329 40.835310235077)
248,EBENEZER SEVENTH DAY ADVENTIST CHURCH,36047090000,BK1602,POINT (-73.92123917766 40.667489152713)
249,GRAND CENTRAL NEIGHBORHOOD SOCIAL SERVICE CORP.,36047082400,BK1701,POINT (-73.947599257318 40.647907476243)
250,SOUTHERN BAPTIST CHURCH,36061019300,MN0703,POINT (-73.960045293886 40.799650308117)
251,ST. IGNATIUS EPISCOPAL CHURCH,36061017500,MN0702,POINT (-73.977312852545 40.7893183548985)
252,ST. MICHAEL'S CHURCH,36061018700,MN0703,POINT (-73.9694240568063 40.7964535759745)
253,TEMPLE SHAARAY TEFILA,36061013400,MN0801,POINT (-73.955474055351 40.773348776052)
254,"UNIVERSITY COMMUNITY SOCIAL SERVICES, INC",36061003002,MN0303,POINT (-73.986289870919 40.723116156051)
255,CONGREGATION B'NAI JESHURUN,36061017500,MN0702,POINT (-73.9762362809658 40.7900202136988)
256,COALITION FOR THE HOMELESS,36061010000,MN0604,POINT (-73.97258170199 40.757344520409)
257,"FAITH CENTER FOR HUMAN SERVICES, INC",36047037500,BK0302,POINT (-73.922833834739 40.689302385174)
258,HEBRON SEVENTH DAY ADVENTIST CHURCH,36047116200,BK0502,POINT (-73.884983004017 40.671011312246)
259,ISAIAH'S TEMPLE OF MT. HOPE,36047119200,BK0502,POINT (-73.878185867275 40.675713518018)
260,NEXT STEP COMMUNITY CHURCH,36047003900,BK0202,POINT (-73.980234951703 40.6866414661923)
261,ST. GEORGE'S EPISCOPAL CHURCH FOOD PANTRY,36047025100,BK0301,POINT (-73.947586349187 40.686339969135)
262,ST. JOHN'S BREAD & LIFE FOOD PANTRY,36061011402,MN0802,POINT (-73.966845615752 40.763811720891)
263,ST. STEPHEN OUTREACH COMMUNITY DEVELOPMENT CORPORATION,36047025901,BK0301,POINT (-73.947117381705 40.695508933019)
264,THE SALVATION ARMY BUSHWICK CORPS,36047039900,BK0402,POINT (-73.917314770593 40.689263199777)
265,THE SALVATION ARMY SUNSET PARK CORPS,36047009800,BK0703,POINT (-74.0098265064811 40.6446936033285)
266,THURSTON MEMORIAL OUTREACH MINISTRIES,36047039900,BK0402,POINT (-73.9146914025371 40.687757432781)
267,"CRESTON AVENUE BAPTIST CHURCH, INC",36005023703,BX0503,POINT (-73.899158981582 40.861844071588)
268,GRACE EPISCOPAL CHURCH  (BX),36005035900,BX0601,POINT (-73.883551961688 40.840571639519)
269,"MANNA OF LIFE MINISTRIES, INC",36005018502,BX0301,POINT (-73.904892119535 40.827525039589)
270,PART OF THE SOLUTION,36005040502,BX0702,POINT (-73.886562406033 40.865752553039)
271,ST. ANN'S CHURCH OF MORRISANIA,36005003900,BX0101,POINT (-73.916662155612 40.808443972286)
272,ST. LUKE'S SENIOR COMMUNITY PROGRAM (SK),36005039600,BX1201,POINT (-73.85920454462 40.88508918457)
273,THE SALVATION ARMY BRONX CITADEL,36005014100,BX0301,POINT (-73.913415676874 40.822707289282)
274,ADVENT LUTHERAN CHURCH,36061017900,MN0702,POINT (-73.972843286569 40.792761682902)
275,ANOTHER CHOICE YOUTH AND FAMILY OUTREACH INC,36061018400,MN1102,POINT (-73.9448087539885 40.7997968656068)
276,BROADWAY COMMUNITY ,36061020500,MN0901,POINT (-73.965059348366 40.806913394857)
277,CROSSROADS COMMUNITY SERVICES INC,36061010000,MN0604,POINT (-73.97258170199 40.757344520409)
278,FOOD BANK FOR NEW YORK CITY ,36061021800,MN1001,POINT (-73.954981786178 40.80396723971)
279,"FRATERNITE NOTRE DAME, INC",36061017800,MN1102,POINT (-73.934418714575 40.797059461846)
280,HOLY APOSTLES SOUP KITCHEN PANTRY,36061009700,MN0401,POINT (-73.998974372632 40.749362116097)
281,IRIS HOUSE,36061022800,MN1002,POINT (-73.942739681314 40.817088731945)
282,NATIONAL COUNCIL OF JEWISH WOMEN,36061015900,MN0701,POINT (-73.983076165422 40.779399965321)
283,NEW YORK COMMON PANTRY,36061017401,MN1101,POINT (-73.9491240935268 40.7958691057926)
284,SALEM UNITED METHODIST CHURCH,36061022400,MN1002,POINT (-73.946516483066 40.811921330547)
285,ST. PAUL'S HOUSE INC.,36061013300,MN0402,POINT (-73.9870762613807 40.7636435798361)
286,THE RED DOOR PLACE,36061007700,MN0203,POINT (-74.0005695326256 40.7381450341726)
287,THE URBAN OUTREACH CENTER OF NYC,36061015401,MN0803,POINT (-73.9474898738703 40.7797711159373)
288,"TRINITY'S SERVICES AND FOOD FOR THE HOMELESS, INC.",36061002602,MN0303,POINT (-73.9800406591874 40.7260492354287)
289,XAVIER MISSION INC (SK),36061005400,MN0501,POINT (-73.995505941098 40.737812021159)
290,CORONA SEVENTH DAY ADVENTIST CHURCH,36081037900,QN0303,POINT (-73.864838189382 40.753847440124)
291,FIRST PRESBYTERIAN CHURCH OF JAMAICA,36081044601,QN1201,POINT (-73.796373044046 40.705900648938)
292,MACEDONIA AME CHURCH,36081025402,QN1202,POINT (-73.793446083457 40.69932647082)
293,RUSH TEMPLE A.M.E. CHURCH,36081018402,QN1203,POINT (-73.791328916107 40.6781516412013)
294,THE SALVATION ARMY JAMAICA CITADEL CORPS,36005006301,BX0401,POINT (-73.924509963917 40.827102382121)
295,THE SALVATION ARMY QUEENS TEMPLE CORP,36081027900,QN0301,POINT (-73.880645872038 40.752344522976)
296,STAPLETON U.A.M.E. CHURCH,36085002700,SI0102,POINT (-74.078756176903 40.623362581536)
297,THE SALVATION ARMY STAPLETON CORPS,36085002700,SI0102,POINT (-74.075630229726 40.625600766522)
298,"PROJECT HOSPITALITY, INC. (SK)",36085002100,SI0102,POINT (-74.0798104526847 40.625095749565)
299,OUR LADY OF GRACE PARISH MINISTRY (FP),36047038800,BK1501,POINT (-73.967335035078 40.593452011511)
300,"UNITED BRONX PARENTS, INC. (FP & SK)",36005007900,BX0102,POINT (-73.904070860662 40.81396835894)
301,THE COMMUNITY FOOD PANTRY,36005020100,BX0402,POINT (-73.9248573099844 40.8417259952248)
302,BOOM! HEALTH (FPHA),36005007100,BX0102,POINT (-73.910559711005 40.822232077281)
303,GAY MEN'S HEALTH CRISIS (FPHA),36061011500,MN0402,POINT (-73.992226940576 40.755081507729)
304,BENSONHURST COUNCIL OF JEWISH ORGANIZATIONS,36047029000,BK1101,POINT (-73.9965048124145 40.602604379133)
305,BNAI RAPHAEL CHESED ORGANIZATION INC,36047064800,BK1802,POINT (-73.937580787548 40.619638711503)
306,CROWN HEIGHTS JEWISH COMMUNITY COUNCIL,36047035500,BK0901,POINT (-73.934788188867 40.664641191561)
307,HEBREW EDUCATIONAL SOCIETY,36047102801,BK1803,POINT (-73.890778838606 40.63239814743)
308,JEWISH COMMUNITY COUNCIL OF CANARSIE   #1,36047105804,BK0504,POINT (-73.885715749993 40.651492751507)
309,INTERNATIONAL PENTECOSTAL CHURCH (FP),36061026300,MN1201,POINT (-73.935390763886 40.84841379004)
310,ISAACS HOLMES FOOD PANTRY,36061015200,MN0803,POINT (-73.945276799586 40.781214102535)
311,LITTLE SISTERS OF THE ASSUMPTION FAMILY HEALTH SERVICE,36061018800,MN1102,POINT (-73.9366673277396 40.7957730911652)
312,MACEDONIA CH. ASSEMBLY OF GOD-BREAD OF LIFE FOOD PANTRY,36061017000,MN1101,POINT (-73.9408762162372 40.7898107499339)
313,MCCNY CHARITIES (FP),36061011100,MN0401,POINT (-73.997442244551 40.755448593178)
314,MT. OLIVET BAPTIST CHURCH COMMUNITY MEAL PROGRAM,36061022000,MN1001,POINT (-73.947964875935 40.804826510514)
315,NAZARETH HOUSING INC,36061003200,MN0303,POINT (-73.983942518935 40.723772961983)
316,OUR LADY OF SORROWS,36061002201,MN0302,POINT (-73.982361775815 40.719505693167)
317,PROJECT CREATE - ANTHONY HOUSE,36061021600,MN1001,POINT (-73.9510697842451 40.8005923502579)
318,RAUSCHENBUSCH METRO MINISTRIES INC. ,36061011500,MN0402,POINT (-73.994265922343 40.757317548039)
319,ST. CECILIA'S PARISH SERVICES,36061017200,MN1101,POINT (-73.9473274324158 40.7919273061338)
320,ST. CHARLES BORROMEO CHURCH,36061023000,MN1002,POINT (-73.9417043488431 40.8195384270444)
321,ST. JOHN'S BREAD OF LIFE (FP),36061010100,MN0501,POINT (-73.993213825856 40.74891083443)
322,ST. MARK THE EVANGELIST CHURCH,36061021200,MN1002,POINT (-73.938845952013 40.815886934668)
323,THE SALVATION ARMY MANHATTAN CITADEL,36061019600,MN1102,POINT (-73.9361381223397 40.8039011452845)
324,THE SALVATION ARMY NEW YORK TEMPLE CORPS ,36061007100,MN0203,POINT (-73.9983261996537 40.7378272765146)
325,VISION URBANA,36061001800,MN0302,POINT (-73.9884252443749 40.7173482749787)
326,"WORLDWIDE MISSIONARY MOVEMENT/CENTRO EVANGELISTICO MMM, INC (FP)",36061029300,MN1203,POINT (-73.918899872303 40.865131328285)
327,ZEINA LORRAINE INC,36061022600,MN1002,POINT (-73.9449449601452 40.8142538048727)
328,AGAPE CHRISTIAN CENTER,36081055700,QN0502,POINT (-73.8978069804203 40.6992807895735)
329,ALLEN OUTREACH MINISTRY FEEDING PROGRAM (80866),36081043400,QN1205,POINT (-73.781491980786 40.69491406935)
330,BERACA SEVENTH DAY ADVENTIST CHURCH,36081050000,QN1206,POINT (-73.7681771600072 40.712030335037)
331,BETHANY BAPTIST CHURCH OF JAMAICA,36081026200,QN1202,POINT (-73.791665432199 40.6903166793391)
332,BETHEL AME CHURCH/BETHEL ARVERNE COMM.,36081094202,QN1402,POINT (-73.804509776553 40.588830355829)
333,BLANCHE MEMORIAL CHURCH,36081019600,QN1202,POINT (-73.797055079507 40.690065347911)
334,"CHRIST APOSTOLIC CHURCH OF AMERICA, INC (FP)",36081019800,QN1202,POINT (-73.799471330736 40.692895120332)
335,CHRIST CHURCH INTERNATIONAL JOSEPH'S HOUSE,36081033401,QN1204,POINT (-73.7697998964994 40.6828197793975)
336,COMMUNITY ALLIANCE INITIATIVE,36081058300,QN0502,POINT (-73.8952422022492 40.7008576348854)
337,CORPUS CHRISTI FOOD PANTRY,36081029700,QN0104,POINT (-73.901848566673 40.756493104043)
338,ELMCOR YOUTH & ADULT ACTIVITIES #2 (FP),36081038100,QN0303,POINT (-73.861095082881 40.757254767584)
339,"FIRST CHURCH OF GOD IN CHRIST, INC. (FP)",36081036600,QN1205,POINT (-73.763010722475 40.690313242697)
340,FIRST UNITED METHODIST CHURCH OF JAMAICA (FP),36081044602,QN1201,POINT (-73.800760970358 40.709765376854)
341,FOREST HILLS SENIORS CENTER,36081074500,QN0602,POINT (-73.850150748086 40.736169335775)
342,GOSPEL ASSEMBLY - QUEENS,36081040400,QN1205,POINT (-73.766861033517 40.703583387986)
343,HOLLIS COMMUNITY CHRISTIAN CENTER,36081050000,QN1206,POINT (-73.7678960313408 40.7127329896891)
344,"HOLY TEMPLE CHURCH, INC",36081035800,QN1305,POINT (-73.755086638851 40.677109859268)
345,ICNA FLUSHING FOOD PANTRY,36081085900,QN0707,POINT (-73.8221654351707 40.7542206181745)
346,ICNA RELIEF USA,36081023800,QN1201,POINT (-73.811671777541 40.704513779238)
347,J.U.S.T.I.C.E. ORGANIZATION/JESUS IS JUSTICE MISSION INC.,36081099802,QN1401,POINT (-73.761348926351 40.595606537813)
348,JAMAICA HISPANIC SEVENTH DAY ADVENTIST CHURCH,36081044602,QN1201,POINT (-73.8007795781832 40.707357549438)
349,JAMAICA QUEENS WESLEYAN CHURCH PANTRY,36081063200,QN1305,POINT (-73.7427974274926 40.6753124441686)
350,JAMAICA SEVENTH DAY ADVENTIST CHURCH (FP),36081044602,QN1201,POINT (-73.798958609718 40.707890931847)
351,JESUS IS THE ANSWER - J.I.T.A. COMMUNITY OUTREACH (FP),36081048400,QN1206,POINT (-73.754630830956 40.713893883263)
352,LEVITICUS CHURCH (FP),36081017400,QN1001,POINT (-73.806131423361 40.682375831847)
353,LINDEN SEVENTH DAY ADVENTIST CHURCH COMMUNITY SERVICES (FP),36081064600,QN1305,POINT (-73.743827479772 40.673140776657)
354,MAJORITY COMMUNITY OUTREACH,36081052600,QN1205,POINT (-73.7615810687825 40.6954581243496)
355,MAKE THE ROAD NEW YORK        (QN),36081046902,QN0401,POINT (-73.874423817673 40.748514873324)
356,MINISTRY TOOLS INC,36081033403,QN1204,POINT (-73.776844 40.6766449)
357,MORE THAN CONQUERORS GLOBAL MINISTRIES INC,36081029400,QN1204,POINT (-73.7825004913763 40.6691831353443)
358,MOUNT SINAI SEVENTH DAY ADVENTIST CHURCH,36081056600,QN1303,POINT (-73.7400507020005 40.7210938122496)
359,NATIONAL SORORITY OF PHI DELTA KAPPA,36081028200,QN1203,POINT (-73.7746964370433 40.6867022347345)
360,NORTHEAST CONFERENCE COMMUNITY CENTER SDA,36081036300,QN0302,POINT (-73.86895990645 40.757447928543)
361,ONE WAY CHURCH OF CHRIST,36081062600,QN1305,POINT (-73.752325304349 40.6801782223157)
362,QUEENSBORO TEMPLE SEVENTH DAY ADVENTIST CHURCH,36081056800,QN1303,POINT (-73.7317494969437 40.7181328393638)
363,SECOND CHANCE AGAPE WORSHIP CENTER,36081050800,QN1206,POINT (-73.7571810245482 40.7060513558955)
364,SINGH FAMILY CHARITY INC (85556),36081028801,QN1203,POINT (-73.790635547503 40.676953033859)
365,SOLID ROCK SEVENTH DAY ADVENTIST CHURCH (FP),36081097204,QN1402,POINT (-73.780484978939 40.593483988472)
366,SOUTH ASIAN COUNCIL FOR SOCIAL SERVICES,36081120500,QN0705,POINT (-73.8182162839765 40.75383587334)
367,SOUTH OZONE PARK SEVENTH DAY ADVENTIST CHURCH,36081018200,QN1203,POINT (-73.8011065562261 40.6756240831109)
368,ST. MARK AME CHURCH/THE VOICE OF HAGAR,36081037502,QN0303,POINT (-73.872420794271 40.756756044345)
369,ST. MARY STAR OF THE SEA,36081101003,QN1401,POINT (-73.7526299030299 40.6006889886226)
370,ST. NICHOLAS OF TOLENTINE CHURCH- F.P.,36081077905,QN0801,POINT (-73.8096084885835 40.7184254756709)
371,ST. TERESA OF AVILA COMMUNITY SERVICES,36081017000,QN1001,POINT (-73.8138326419339 40.6845704007193)
372,TABERNACLE OF PRAYER,36081046000,QN1201,POINT (-73.794500023962 40.706839296365)
373,TAURUS ASSOCIATES INC.,36081063800,QN1307,POINT (-73.7343242455432 40.6719841994658)
374,THE SALVATION ARMY ASTORIA CORPS,36081016100,QN0104,POINT (-73.9144419568004 40.7567003881913)
375,UNION UNITED FOOD PANTRY (FP),36081078800,QN1203,POINT (-73.788664207695 40.67237613754)
376,V.E.T.S. INC,36081043400,QN1205,POINT (-73.779416956836 40.694836494836)
377,"VETS INC, HOLLIS GARDENS",36081050800,QN1206,POINT (-73.7549966173229 40.7063096858361)
378,VFW #5298,36081032800,QN1305,POINT (-73.7566584971532 40.668092230646)
379,WE CARE PANTRY (FP),36081050800,QN1206,POINT (-73.755991632937 40.70616446934)
380,CALVARY ASSEMBLY OF GOD,36085015601,SI0302,POINT (-74.160540334024 40.539694465948)
381,CHRIST ABUNDANT LIFE MINISTRIES,36085031902,SI0107,POINT (-74.16495047238 40.636459891981)
382,CHRISTIAN PENTECOSTAL CHURCH (FP),36085005000,SI0201,POINT (-74.092353216415 40.604892513065)
383,FEEDING WITH TLC INC,36085002100,SI0102,POINT (-74.081180391083 40.6303035095483)
384,OUR LADY OF GOOD COUNSEL CHURCH (STATEN ISLAND),36085003300,SI0104,POINT (-74.086033261421 40.631313361521)
385,SKYLIGHT CENTER,36085000300,SI0101,POINT (-74.0782850301924 40.6425731071766)
386,ST. EDWARD FOOD PANTRY,36085019800,SI0304,POINT (-74.222442952088 40.511892196029)
387,"UNITED CHURCH OF PRAISE INTERNATIONAL MINISTRIES, INC",36085002900,SI0102,POINT (-74.085750120732 40.614535892668)
388,EVANGELICAL CRUSADE FOOD PANTRY (FP),36047078802,BK1702,POINT (-73.947014116657 40.637301728426)
389,"WEST HARLEM GROUP ASSISTANCE, INC",36061023000,MN1002,POINT (-73.938188391709 40.818223012992)
390,COMMUNITY HEALTH ACTION OF STATEN ISLAND,36085020701,SI0106,POINT (-74.134309000398 40.640213769227)
391,ACTS COMMUNITY DEVELOPMENT CORPORATION (FP),36047032600,BK1302,POINT (-73.988429519342 40.576109309018)
392,BETHEL SEVENTH-DAY ADVENTIST CHURCH,36047022700,BK0301,POINT (-73.961307776143 40.681607169417)
393,CHRISTIAN FELLOWSHIP SEVENTH DAY ADVENTIST COMMUNITY SVCS,36047087000,BK1703,POINT (-73.933429063267 40.654382538355)
394,CORNERSTONE SEVENTH DAY ADVENTIST CHURCH (FP) (SK),36047119800,BK0502,POINT (-73.896743233268 40.674529238918)
395,THE OZONE PARK PANTRY (FP),36081003600,QN0904,POINT (-73.857164473206 40.683697322702)
396,CHURCH OF GOD OF BRONXWOOD AVENUE,36005034800,BX1103,POINT (-73.8564419531526 40.8723763520235)
397,COLLECTIVE FOCUS FOOD JUSTICE PANTRY PROGRAM,36047028700,BK0302,POINT (-73.932346791929 40.695197126221)
398,FIRST BAPTIST CHURCH OF CORONA (FP),36081036300,QN0302,POINT (-73.868736780187 40.761622074415)
399,GOSHEN TEMPLE OF SEVENTH DAY ADVENTIST CHURCH (FP),36047079400,BK1701,POINT (-73.955156884135 40.650439900649)
400,CATHEDRAL COMMUNITY CARES,36061019701,MN0901,POINT (-73.9625784726639 40.8041168147717)
401,HOPE EMPOWERMENT AND DEVELOPMENT ZONE INC,36047112800,BK0503,POINT (-73.8935927274026 40.6617543382568)
402,ICL AND CHN FOOD PANTRY,36047119800,BK0502,POINT (-73.899179684883 40.676002693677)
403,MANHATTAN DOWNTOWN MULTI-CULTURAL FOOD PANTY,36061003001,MN0302,POINT (-73.989184309723 40.72091909159)
404,MUNA SOCIAL SERVICE AN-NAMIRAH (FPH),36047114400,BK0502,POINT (-73.893611418965 40.672360463381)
405,MUNA SOCIAL SERVICES BAITUL ISLAM MASJID (FPH),36005025100,BX0501,POINT (-73.907041658604 40.855621640038)
406,MUNA SOCIAL SERVICES BAITUN NOOR MASJID (FPH),36081005400,QN1002,POINT (-73.84992276032 40.680094822627)
407,MUNA SOCIAL SERVICE BROOKLYN ISLAMIC CENTER (FPH),36047049400,BK1203,POINT (-73.972471549163 40.645547383765)
408,MUNA SOCIAL SERVICES DOWNTOWN BROOKLYN (FPH),36047024700,BK0301,POINT (-73.947060049487 40.678597353715)
409,MUNA SOCIAL SERVICES EAST FLATBUSH (FPH),36047087200,BK1703,POINT (-73.937045435392 40.65189156246)
410,MUNA SOCIAL SERVICES MASJID AR-RAYYAN (FPH),36081047801,QN0804,POINT (-73.766691635254 40.718758823685)
411,MUNA SOCIAL SERVICES PARKCHESTER ISLAMIC CENTER (FPH),36005021602,BX0904,POINT (-73.86213921656 40.83534979766)
412,MUNA SOCIAL SERVICE SOUTH JAMAICA (FPH),36081025800,QN1202,POINT (-73.789081123559 40.697354879555)
413,PAYO MOBILE FOOD PANTRY,36047043400,BK1101,POINT (-73.9747518459217 40.6100092458585)
414,REACH OUT AND TOUCH FOOD PANTRY,36085020702,SI0106,POINT (-74.130501856157 40.635894071607)
415,RED HOOK COMMUNITY - REDEMPTION CHURCH (FP),36047005900,BK0601,POINT (-74.005114787261 40.677651791218)
416,THE KINGSBRIDGE HEIGHTS COMMUNITY CENTER INC (FP),36005027700,BX0801,POINT (-73.901091341856 40.87698434767)
417,THE LOWER EASTSIDE GIRLS CLUB (FP),36047049000,BK1203,POINT (-73.971194817671 40.640136194713)
418,WE CREATE COMMUNITY FOOD PANTRY (FP),36047027800,BK1101,POINT (-74.001487183385 40.607235925555)
419,WOODBINE (FP),36081058900,QN0502,POINT (-73.90809987388 40.706437258379)
420,YESHUA WORLDWIDE MINISTRIES FOOD PANTRY (FP),36081050700,QN0504,POINT (-73.88025443716 40.725685670378)
421,ZION TABERNACLE F.B.H. CHURCH,36081009400,QN1001,POINT (-73.8352745463305 40.6811576479492)
422,ADMIRABLE CHRIST MINISTRIES FOOD PANTRY,36005020400,BX1001,POINT (-73.851349276421 40.839724732023)
423,CITY OF REFUGE FP,36047119400,BK0502,POINT (-73.876699169109 40.670630480475)
424,COMMUNITY CHURCH OF CHRIST FOOD PANTRY,36081025800,QN1202,POINT (-73.7875767395774 40.6979788284274)
425,FLATBUSH COMMUNITY FUND ,36047073800,BK1801,POINT (-73.938892387757 40.624301228963)
426,GRACE & PEACE FOOD BANK,36005000400,BX0902,POINT (-73.85426416707 40.813054480037)
427,HOPE RESTORATION MINISTRIES,36081056800,QN1303,POINT (-73.735422945458 40.714219729749)
428,RCA CAMBRIA HEIGHTS COMMUNITY CHURCH FP,36081059800,QN1304,POINT (-73.739669133788 40.696438444171)
429,SHOUT FOR JOY BAPTIST CHURCH INC,36005000400,BX0902,POINT (-73.8562856306584 40.8147026136586)
430,WORSHIP CHRISTIAN CENTER INC (FP),36081040000,QN1205,POINT (-73.76300250821 40.699057453637)
431,BROOKLYN FAITH SEVENTH DAY ADVENTIST CHURCH,36047093800,BK1703,POINT (-73.924916821497 40.652373521893)
432,"ELITE LEARNERS, INC (FP)",36047083800,BK1702,POINT (-73.933537692732 40.642011645549)
433,PEOPLES BAPTIST CHURCH,36047089800,BK1602,POINT (-73.9128569392082 40.6605211927837)
434,ST. ATHANASIUS R.C. CHURCH FP,36047024600,BK1204,POINT (-73.9799528168421 40.6165306598956)
435,BAIT-UL JAMAAT-HOUSE COMMUNITY INC (FP),36085013302,SI0106,POINT (-74.117032975944 40.633096443784)
436,"IN THE BEGINNING OUTREACH, INC",36081040400,QN1205,POINT (-73.767153230865 40.703386469336)
437,MOUNT MORIAH SEVENTH DAY ADVENTIST CHURCH FP,36081055700,QN0502,POINT (-73.897632720833 40.698174001043)
438,THE SALVATION ARMY NEW YORK TEMPLE,36061007100,MN0203,POINT (-73.9983262000598 40.7378272762233)
439,LOVE WINS FOOD PANTRY - MERCADITO SOLIDARIO,36081028100,QN0301,POINT (-73.882909907905 40.747979143983)
440,LOVE WINS@CORSI HOUSE NEIGHBORHOOD SENIOR CENTER (FP),36061018800,MN1102,POINT (-73.937169739016 40.79693964254)
441,ICNA RELIEEF QUBA PANTRY,36047052000,BK1402,POINT (-73.96410999849 40.634096606943)
442,"JESUS RECONCILIATION MINISTRIES, INC",36005040600,BX1201,POINT (-73.8564948429617 40.8891521444959)
443,ST. JAMES PLACE (FP),36005040100,BX0701,POINT (-73.899625434493 40.864004297584)
444,CHURCH OF GOD PROPHECY (SK),36047113000,BK0503,POINT (-73.89509476437 40.659009223179)
445,CHURCH OF GOD PROPHECY (FP),36047113000,BK0503,POINT (-73.89509476437 40.659009223179)
446,FAITH ASSEMBLY COMMUNITY OUTREACH,36081015400,QN0903,POINT (-73.8245309581163 40.6905109298837)
447,ICNA RELIEF BURKE AVENUE BRONX PANTRY,36005034800,BX1103,POINT (-73.8495804433942 40.871571144495)
448,LOVE WINS NYC at PSS,36005019900,BX0402,POINT (-73.925821815583 40.837260494399)
449,LOVE WINS FOOD PANTRY @ BCPC,36047002901,BK0203,POINT (-73.978098982884 40.693511599011)
450,ST. ANN'S CORNER OF HARM REDUCTION,36005008700,BX0202,POINT (-73.899470536923 40.820597019429)
451,ST. SIMON STOCK FOOD PANTRY (FP),36005038100,BX0502,POINT (-73.899024619674 40.855189930115)
452,VINEGAR HILL FOOD PANTRY,36047002300,BK0202,POINT (-73.9813930792647 40.7006870213434)
453,HOUSE OF DAVID WORSHIP CENTER,36047112200,BK0503,POINT (-73.886325030535 40.663153739024)
454,BETTER COMMUNITY FOOD PANTRY (FP),36047034700,BK0802,POINT (-73.925425854477 40.671668621093)
455,CHAMBERS MEMORIAL BAPTIST CHURCH/LOVE OFFERING,36061019400,MN1102,POINT (-73.935932486288 40.802163035051)
456,HOLY CHILD JESUS FOOD PANTRY,36081013000,QN0902,POINT (-73.8368673593909 40.6988823137706)
457,MASJID MASJID OMAR ABDEL AZIZ,36081044602,QN1201,POINT (-73.80047078887 40.707457671271)
458,CHABAD - OCEANVIEW JEWISH CENTER (FPK),36047036001,BK1303,POINT (-73.963311889192 40.576641895145)
459,BETHANY GOSPEL CHAPEL INC (FP),36047092400,BK1602,POINT (-73.913053243381 40.668105809329)
460,"PROJECT HOSPITALITY, INC (FP)",36085002100,SI0102,POINT (-74.079671313092 40.6252009424498)
461,COMMUNITY HELP IN PARK SLOPE (FP),36047011901,BK0601,POINT (-73.982714821576 40.678294012639)
462,"DISCIPLES OF GALILEE, INC",36005008600,BX0903,POINT (-73.848881644126 40.821626945781)
463,HEALTH ESSENTIAL ASSOCIATION INC (SI),36085013400,SI0202,POINT (-74.111892187089 40.571484510122)
464,ACADEMY OF MEDICAL & PUBLIC HEALTH SERVICES (AMPHS)                                 ,36047002000,BK0702,POINT (-74.016798238278 40.645975279923)
465,ALL MY CHILDREN  FP,36081045800,QN0804,POINT (-73.789409777983 40.716810869387)
466,KEHILAT SEPHARDIM OF AHAVAT ACHIM,36081077904,QN0801,POINT (-73.81157312254 40.721100098789)
467,NORTH BRONX SEVENTH DAY ADVENTIST CHURCH,36005039000,BX1201,POINT (-73.857642038953 40.880868009742)
468,ST. ALBANS BAPTIST CHURCH,36081037600,QN1205,POINT (-73.753919626472 40.690832501599)
469,"UNITED YES WE CAN, UNIDOS SISE PUEDE, INC",36005041800,BX1203,POINT (-73.855966531605 40.896354923442)
470,BRIGADA DE ESPERANZA INC,36081032900,QN0302,POINT (-73.879747751113 40.763968043385)
471,FREE FOOD HARLEM (SK),36061020000,MN1001,POINT (-73.94620970541 40.803221208417)
472,THE BIBLE CHURCH OF CHRIST (80015),36005017702,BX0403,POINT (-73.911563779186 40.837271223235)
473,THE CRW COMMUNITY FOOD PANTRY (87046),36061002601,MN0303,POINT (-73.978178421261 40.720860956336)
474,CALVARY UNITED METHODIST CHURCH FOOD PANTRY (FP),36005024501,BX0501,POINT (-73.913651627448 40.852570124368)
475,FEEDING WITH TLC INC SOUP KITCHEN (SK),36085002100,SI0102,POINT (-74.081366848776 40.629883259312)
476,MORNING STAR FULL GOSPEL ASSEMBLY (FP),36005039500,BX0602,POINT (-73.898330262815 40.846964475162)
477,NEW COVENANT COMMUNITY CORP (FP) (NCCDC ELG PANTRY) ,36005021900,BX0403,POINT (-73.922075775416 40.837139375898)
478,REVELACION DIVINA FOOD PANTRY (FP),36005022901,BX0502,POINT (-73.906144040593 40.846631965063)
479,UA3 COMMUNITY FIRST FOOD PANTRY,36061001402,MN0302,POINT (-73.987669029267 40.716405352911)
480,ROMAN CATHOLIC CHURCH OF ST HELENA (FP),36005022200,BX0904,POINT (-73.854928684353 40.834253780001)
481,MARANATHA FRENCH SEVENTH DAY ADVENTIST CHURCH (FP),36081043200,QN1205,POINT (-73.77700741113 40.692003621111)
482,"AL-MADINAH SCHOOL, INC (FP)",36047011901,BK0601,POINT (-73.988546865987 40.674227490404)
483,CELESTIAL CHURCH OF CHRIST ILERI PARISH (FP),36047019100,BK0204,POINT (-73.968063673921 40.693704099717)
484,EASTCHESTER PRESBYTERIAN CHURCH (FP),36005036400,BX1202,POINT (-73.847255219634 40.871322034333)
485,GURU SEVA HIDU MILAN MANDIR CULTURAL GROUP (FP),36005018400,BX1002,POINT (-73.826124190272 40.838879500906)
486,KINGDOM GLOBAL MISSIONS (FP),36047034200,BK1302,POINT (-73.998782678507 40.573925655602)
487,"PASWO (PAKISTAN AMERICAN SKILLED WOMEN ORGANIZATION, INC) (FP)",36047048200,BK1402,POINT (-73.9683511732 40.636494257784)
488,CHAPEL OF THE GREAT RESTORER FOOD PANTRY (FP),36005009301,BX0201,POINT (-73.893347221377 40.814808016091)
489,FOOD AND NUTRITION SERVICES PROGRAM,36005036902,BX0602,POINT (-73.893489378455 40.842662798633)
490,MINISTERIO LA LUZ DE LA ESPERANZA PARA LAS NACIONES DE JESUCRISTO,36081026700,QN0401,POINT (-73.886174407735 40.744594112385)
491,BETHANY BAPTIST CHURCH (FP),36061023502,MN1002,POINT (-73.93848435671 40.82866070365)
492,NUEVO SIGLO CARES (SERVING GOD THROUGH YOU) (FP),36061029300,MN1203,POINT (-73.92060114719 40.865411158123)
493,BROOKLYN FAITH SDA CHURCH (SK),36047093800,BK1703,POINT (-73.924916821497 40.652373521893)
494,"CARING SHEPHERD SUPPLIES MINISTRIES, INC",36005040600,BX1201,POINT (-73.856133331478 40.889181313519)
495,FRESH ANOINTING INTERNATIONAL CHARITIES (FAIC) (FP),36081044400,QN1201,POINT (-73.777146550723 40.705473758609)
496,"MYLAH'S ORGANIZATION, INC (FP)",36047116000,BK0502,POINT (-73.88878654404 40.667266445545)
497,ST. PETERS - YVONNE GITTENS FOOD,36081063800,QN1307,POINT (-73.733337695586 40.667754523767)
498,NEW BEGINNING FOOD PROGRAM,36081162100,QN1302,POINT (-73.726064299106 40.72626381215)
499,MUNA SOCIAL SERVICES - JACKSON HEIGHTS COMMUNITY ,36081029100,QN0301,POINT (-73.894511467728 40.74967002531)
500,ABUNDANT LIFE CHRISTIAN CHURCH (FP),36047026500,BK0301,POINT (-73.943620703157 40.687141446717)
501,CHURCH OF GOD OF WOODYCREST AVENUE FP,36005018900,BX0402,POINT (-73.929664534235 40.830595939358)
502,FLUSHING JEWISH COMMUNITY COUNCIL FP,36081117500,QN0704,POINT (-73.7944742077 40.757896360363)
503,KINGSBRIDGE CENTER FOR ISRAEL (FPK),36005032300,BX0803,POINT (-73.90425710655 40.907061463644)
504,LOUISEA MAZE EMILE COMMUNITY SERVICE,36047034902,BK0901,POINT (-73.928774843891 40.667041684811)
505,LOVE WINS NYC (HARLEM) (FP),36061021900,MN0902,POINT (-73.956152738052 40.814849003598)
506,"NEW HOPE PENTECOSTAL CHURCH OF JESUS CHRIST, INC (FP)",36047036300,BK1601,POINT (-73.916427378504 40.671483548671)
507,ST. JAMES CHURCH-COMMUNITY KITCHEN (SK),36061013000,MN0802,POINT (-73.965586486256 40.771333347434)
508,AIDS SERVICE CENTER OF LOWER MANHATTAN (FP),36061007600,MN0501,POINT (-73.98666630219 40.75009859202)
509,ALLIANCE CASA WASHINGTON HEIGHTS (FP),36061024500,MN1201,POINT (-73.940571031506 40.835229265893)
510,FIRST UNITED CHRISTIAN CHURCH (FP),36085001100,SI0101,POINT (-74.080221249759 40.637659132778)
511,MAS STATEN ISLAND CENTER FOOD PANTRY (FP),36085009602,SI0201,POINT (-74.091916938355 40.592418061845)
512,MASJID AR RAHMAN FOOD PANTRY,36081051200,QN1303,POINT (-73.749161303858 40.714142364782)
513,MET COUNCIL BROOKLYN HUB (FPK),36047019200,BK1202,POINT (-73.998923159204 40.629318426656)
514,ZERO HUNGER CAMPAIGN (CCSO) (FP),36081046300,QN0401,POINT (-73.871398621179 40.74261128937)
